Packet Number,Deed Number,Deed Name,Deed Type,Case Ref,Transaction Date,Consideration Â£
D303858,0002,"LAND AT 22 MELDON AVENUE, SHERBURN VILLAGE",Disposal,,04-Jan-10,4550
CC00025,0044,0.20 ACRES OF LAND ADJACENT TO DENE HOUSE,Disposal,,13-Jan-10,1000
D202534,0004,"LAND AT 25 MEADOWFIELD WAY, TANFIELD LEA, STANLEY",Disposal,,25-Jan-10,1600
D200858,0003,"LAND ADJOINING 38 LUMLEY GARDENS, BURNOPFIELD",Disposal,,29-Jan-10,3600
LG00033,0004,"LAND ADJ. THE MASONIC HALL, MIDDLETON RD, SHILDON",Disposal,,01-Feb-10,0
D201268,0002,"LAND LYING TO THE NORTH WEST OF SABIN TERRACE, NEW KYO",Disposal,,11-Feb-10,14300
CC00019,0035,LAND TO THE REAR OF 4 MAHOGANY ROW,Disposal,,22-Feb-10,3000
PL00177,0063,LAND ADJACENT TO MOUNT PLEASANT GARAGE STANLEY CROOK COUNTY DURHAM,Disposal,,22-Feb-10,15000
SH00049,0046,20 MANOR HOUSE EST.HUTTON HENRY,Disposal,,24-Feb-10,85050
D402476,0017,"GARAGE PLOT AT OAKERSIDE DRIVE, PETERLEE",Disposal,,25-Feb-10,1
ED00068,0010,FORMER EAST STANLEY SCHOOL SITESTANLEY,Disposal,,26-Feb-10,40000
HB11326,0011,"LAND AT MARY STREET, SEAHAM",Disposal,,11-Mar-10,7500
ED00002,0009,"LAND TO REAR OF 32 BENFIELDSIDE ROAD, BLACKHILL",Disposal,,29-Mar-10,3000
PL00390,0017,9.34 ACRES OF LAND AT AMOS DRIVE GREENCROFT INDUSTRIAL PARK STANLEY COUNTY DURHAM,Disposal,,01-Apr-10,21000
D501537,0002,"LAND ADJACENT TO 6 CHEAPSIDE, SHILDON",Disposal,,06-Apr-10,5600
D202753,0002,"LAND ADJACENT TO 29 EGGLESTON DRIVE, CONSETT",Disposal,,09-Apr-10,5250
ED00828,0007,LAND ADJOINING 27 MURRAY COURT BLACKHILL,Disposal,,19-Apr-10,0
D200799,0009,"LAND AT 47 HAMSTERLEY GARDENS, ANNFIELD PLAIN ",Disposal,,21-Apr-10,0
HB04849,0017,"LAND AT STATION LANE, GILESGATE",Disposal,,21-Apr-10,9500
D401430,0002,LAND AT WAYCOTT WINGATE LANE TRIMDON,Disposal,,11-May-10,1700
D200820,0003,"LAND REAR OF 1 VICTORIA TERRACE, CATCHGATE, STANLEY",Disposal,,17-May-10,8600
D500794,0008,"LAND AT ALL SAINTS INDUSTRIAL ESTATE, SHILDON",Disposal,,21-May-10,80000
D202020,0002,"LAND SITUATE AT TINMILL PLACE, BLACKHILL, CONSETT",Disposal,,25-May-10,11000
HB03048,0002,LAND AT GARMONDSWAY,Disposal,,18-Jun-10,10000
D402153,0005,Part of the land and buildings at Hazelwell Community Centre Haswell County Durham,Disposal,,28-Jun-10,1
PL00229,0140,LAND AT SOUTH CHURCH INDUSTRIAL ESTATE BISHOP AUCKLAND COUNTY DURHAM,Disposal,,28-Jun-10,15000
D501058,0003,PUBLIC CONVENIENCES DALTON WAY NEWTON AYCLIFFE,Disposal,,30-Jun-10,0
D201907,0002,LAND AT FRONT STREET DIPTON,Disposal,,16-Jul-10,23150
ED00385,0009,"GRAZING LAND - ELM ROAD, SHILDON",Disposal,,03-Aug-10,20050
D000684,0001,"LAND ADJACENT TO THE PEASEWAY MEDICAL CENTRE, PEASEWAY, NEWTON AYCLIFFE, COUNTY DURHAM",Disposal,,09-Aug-10,160000
D304755,0002,"LAND ADJACENT TO 17 LINDISFARNE ROAD, NEWTON HALL, DURHAM",Disposal,,09-Aug-10,1
D201685,0024,LAND TO THE REAR OF BEECH GROVE DIPTON STANLEY COUNTY DURHAM,Disposal,,11-Aug-10,4955.75
PL00523,0012,"LAND REAR OF 15 SIMPASTURE GATE, NEWTON AYCLIFFE",Disposal,,19-Aug-10,6000
D700265,0002,"LAND REAR OF 13 HIGH ROAD, STANLEY, CROOK",Disposal,,27-Aug-10,5200
D202720,0002,"SALE OF LAND AT 13 CO-OPERATIVE TERRACE WEST, DIPT",Disposal,,03-Sep-10,1100
D400024,0039,LAND NORTH SIDE OF VICTORIA STREET SHOTTON COLLIEERY,Disposal,,22-Sep-10,144999
D300844,0002,"LAND ADJACENT TO 25 SKIPPERS MEADOW, USHAW MOOR",Disposal,,08-Oct-10,1380
LG00031,0007,"Land at Woods Terrace, Murton",Disposal,,15-Oct-10,2870
D200527,0003,"LAND ADJACENT TO 41 PEMBERTON ROAD, BLACKHILL, CONSETT",Disposal,,18-Oct-10,30000
D800114,0002,"0.012 ACRES OF LAND ADJACENT TO 41 IVY WAY, PELTON, CHESTER-LE-STREET",Disposal,,02-Nov-10,1
D201785,0063,LAND ADJACENT TO MOUNTSETT HOUSE,Disposal,,05-Nov-10,6000
SH00032,0015,x,Disposal,,23-Nov-10,500
D600027,0002,LAND ADJACENT 1 PRIORY YARD ,Disposal,,02-Dec-10,1300
PL00042,0045,"1.11HA OR THEREABOUTS OF LAND AT GREEN LANE, SPENNYMOOR",Disposal,,15-Dec-10,75000
D700019,0005,"LAND AND BUNGALOW THEREON SITUATE AT LEEHOLME, BISHOP AUCKLAND",Disposal,,20-Dec-10,44000
D202388,0012,"LAND AT STEEL STREET, CONSETT",Disposal,,23-Dec-10,240000
D000358,0001,"THE OLD MAN'S HUT, PELTON FELL, CHESTER-LE-ST",Disposal,,14-Jan-11,24000
PL00182,0023,LAND SOUTH OF PROSPECT HOUSE WASKERLEY CONSETT COUNTY DURHAM,Disposal,,14-Jan-11,5000
PL00227,0051,LAND AT SPRING GARDENS,Disposal,,25-Jan-11,14000
D201776,0003,"LAND AT 14A FRONT STREET, TANFIELD LEA",Disposal,,28-Jan-11,8500
D202534,0005,"LAND AT 34 ERRINGTON DRIVE, TANFIELD LEA",Disposal,,28-Jan-11,1700
D200092,0003,"LAND AT CASTLEDENE ROAD, DELVES LANE, CONSETT",Disposal,,01-Feb-11,1
D700049,0064,"LAND AT 2 COSGROVE AVENUE, BISHOP AUCKLAND",Disposal,,07-Feb-11,7900
D300010,0003,"LAND AT 62 ESHWOOD VIEW, USHAW MOOR",Disposal,,08-Feb-11,2820
D301106,0002,"LAND AT 20 ALDRIDGE COURT, USHAW MOOR",Disposal,,10-Feb-11,1320
D500185,0002,"LAND ADJACENT TO CUTHBERT STREET, SPENNYMOOR ",Disposal,,11-Feb-11,70000
D202529,0003,LAND OPPOSITE 19 MAIN STREET CROOKHALL,Disposal,,15-Feb-11,5000
HB12146,0004,LAND ON EAST SIDE OF SOUTH DURHAM ROAD,Disposal,,17-Feb-11,11150
PL00447,0035,LAND AT HARVEY COURT LOW WILLINGTON INDUSTRIAL ESTATE WILLINGTON CROOK COUNTY DURHAM ,Disposal,,10-Mar-11,30000
SS00003,0005,PONTOP CENTRE HARELAW,Disposal,,17-Mar-11,80000
ED01246,0008,LAND ADJACENT TO GILESGATE PRIMARY SCHOOL DURHAM,Disposal,,18-Mar-11,200000
LM00050,0009,"LAND AT SOUTH STREET, DURHAM",Disposal,,23-Mar-11,20000
D302325,0002,"BYLAND LODGE, HAWTHORN TERRACE, DURHAM CITY ",Disposal,,25-Mar-11,1300000
PL00447,0036,0.1250 ACRES OF LAND AT BROCKWELL COURT LOW WILLINGTON INDUSTRIAL ESTATE WILLINGTON CROOK COUNTY DURHAM,Disposal,,31-Mar-11,16000
D403515,0002,"LAND SOUTH OF CROWS HOUSE, WHEATLEY HILL - ",Disposal,,05-Apr-11,11000
D401724,0002,"LAND AT MAZINE TERRACE, HASWELL - LOT 2",Disposal,,08-Apr-11,170000
D402881,0003,"LAND AT SHOTTON LANE, SHOTTON COLLIERY - LOT 3",Disposal,,08-Apr-11,90000
PL00110,0059,"GRAZING LAND AT HIGH HANDENHOLD, BEAMISH",Disposal,,08-Apr-11,8000
PL00186,0002,"LAND ADJACENT TO BUSTY BANK, BURNOPFIELD",Disposal,,08-Apr-11,21000
PL00112,0076,"LAND ADJACENT TO BLUE HOUSE FARM, CHILTON",Disposal,,11-Apr-11,220000
D201671,0002,"LAND AT LARCH TERRACE, TANTOBIE, STANLEY",Disposal,,14-Apr-11,0
ED00935,0006,ROCK HOUSE COMMUNITY CENTRE,Disposal,,18-Apr-11,158008
D202388,0002,"LAND LYING TO THE WEST OF ARKLESS GROVE, CONSETT",Disposal,,20-Apr-11,1
D000356,0001,"20.73 HA AT LOW GRANGE FARM, WINGATE",Disposal,,21-Apr-11,160000
D202388,0034,"GP34 Land at Consett, County Durham",Disposal,,21-Apr-11,unknown
D000355,0001,"GARDEN LAND 3 BELMONTE AVENUE, BLACKHALL",Disposal,,27-Apr-11,1000
ED00299,0010,"TUDHOE GRANGE SCHOOL, DURHAM ROAD, SPENNYMOOR",Disposal,,18-May-11,1
ED00881,0009,TUDHOE GRANGE SCHOOL ST CHARLES ROAD SPENNYMOOR,Disposal,,18-May-11,1
ED00926,0023,"SPENNYMOOR COMPREHENSIVE SCHOOL, WHITWORTH ROAD, S",Disposal,,18-May-11,1
D202764,0002,LAND ADJ. 37 RAILWAY STREET CRAGHEAD,Disposal,,27-May-11,1
D402648,0002,"54 AMBLESIDE AVENUE, SEAHAM",Disposal,,27-May-11,1654
D201861,0002,LAND AT MORRISON BUSTY INDUSTRIAL ESTATE,Disposal,,12-Jul-11,0
PL00211,0052,LAND SOUTH OF WALLNOOK LANE LANGLEY PARK DURHAM COUNTY DURHAM,Disposal,,13-Jul-11,0
HB10630,0006,"LAND AT STANNERS LANE, PAGE BANK, SPENNYMOOR",Disposal,,05-Sep-11,4295
D200067,0013,328.4SQ METRES OF LAND AJACENT TO ST. ANDREWS CHURCH HALL BLACKHILL CONSETT COUNTY DURHAM,Disposal,,15-Sep-11,17200
D302537,0003,73 LIDDLE AVENUE SHERBURN DURHAM COUNTY DURHAM,Disposal,,23-Sep-11,50500
PL00281,0014,LAND AT COLLIERY LANE BEARPARK DURHAM COUNTY DURHAM,Disposal,,26-Sep-11,90397
D201469,0002,69.48 SQ. M. OF LAND ADJACENT TO UNIT 4 MORRISON INDUSTRIAL ESTATE,Disposal,,29-Sep-11,2750
D202755,0002,LAND AT 3 WYLAM STREET CRAGHEAD,Disposal,,05-Oct-11,1
D501050,0036,"0.368 Hectares of land at Fishburn Industrial Estate, Fishburn County Durham",Disposal,,25-Oct-11,25000
SS00205,0004,"FORMER EAST GREEN CARE HOME, WEST AUCKLAND, BISHOP",Disposal,,28-Oct-11,60000
PL00390,0018,13.2 ACRES OF LAND SOUTH OF PARKHEAD GREENCROFT INDUSTRIAL PARK STANLEY COUNTY DURHAM,Disposal,,04-Nov-11,180000
ED00593,0029,1.4 ACRES OF LAND AT FORMER PELTON PRIMARY SCHOOL,Disposal,,16-Nov-11,500000
SH00049,0047,"30 MANOR HOUSE ESTATE, HUTTON HENRY",Disposal,,16-Nov-11,58000
D401634,0002,"GARAGE NO.27 SEA VIEW WALK, MURTON",Disposal,,23-Nov-11,1
ED01259,0007,"WINDLESTONE HALL, RUSHYFORD, CHILTON",Disposal,,29-Nov-11,241000
ED00551,0008,ST JOHNS RC COMPREHENSIVE SCHOOL & 6TH FORM COLLEGE,Disposal,,01-Dec-11,0
D600022,0003,"LAND AT EAST END GARAGE, FRONT STREET, COCKFIELD",Disposal,,07-Dec-11,52000
D400912,0002,"LAND ADJOINING 54 CHEVIOT PLACE, PETERLEE",Disposal,,08-Dec-11,3500
SS00232,0013,ANNFIELD PLAIN CENTRE,Disposal,,08-Dec-11,1000
D300220,0013,Land at Ridding Road Esh Winning,Disposal,,22-Dec-11,103575
D700163,0015,"Bedburn Community Rooms, Bedburn Close, Crook",Disposal,,09-Jan-12,10000
SS00078,0005,"FORMER SHAFTO HOUSE CARE HOME, NEWTON AYCLIFFE",Disposal,,13-Jan-12,302109
SS00135,0004,"FORMER HACKWORTH HOUSE CARE HOME, SHILDON",Disposal,,13-Jan-12,200001
D401822,0001,"10 MILL ROAD, SEAHAM",Disposal,,16-Jan-12,1990
D401228,0002,"19 NEASHAM ROAD, SEAHAM",Disposal,,24-Jan-12,1747
SS00225,0005,"LAND ADJACENT TO DURHAM ARMY CADET HQ, CHESTER RD",Disposal,,02-Feb-12,60000
D401823,0002,"LAND ADJACENT TO GOWLAND HOUSE, WHEATLEY HILL",Disposal,,17-Feb-12,11750
D401823,0003,"LAND SOUTH OF LYNN TERRACE, WHEATLEY HILL",Disposal,,17-Feb-12,14000
D201671,0003,"LAND AT LARCH TERRACE, TANTOBIE, STANLEY",Disposal,,21-Feb-12,1200
PL00042,0035,LOT 2 COMPRISING 1.25 HECTARES OF LAND AT RODDYMOOR FARM CROOK,Disposal,,24-Feb-12,18000
PL00042,0036,LOT 3 COMPRISING 2.80 HECTARES OF LAND AT RODDYMOOR FARM CROOK,Disposal,,24-Feb-12,28000
PL00042,0037,LOT 4 COMPRISING 7.96 ACRES OF LAND AT RODDYMOOR FARM CROOK,Disposal,,24-Feb-12,73000
PL00042,0038,LOT 5 COMPRISING 5.91 HECTARES OF LAND AT RODDYMOOR FARM CROOK,Disposal,,24-Feb-12,41500
PL00042,0039,LOT 7 COMPRISING 8.97 HECTARES OF LAND AT RODDYMOOR FARM CROOK,Disposal,,24-Feb-12,47748.19
PL00042,0040,LOT 11 COMPRISING 4.59 HECTARES OF LAND AT RODDYMOOR FARM CROOK,Disposal,,24-Feb-12,49000
PL00042,0041,LOT 12 COMPRISING 0.81 HECTARES OF LAND AT RODDYMOOR FARM CROOK,Disposal,,24-Feb-12,13500
PL00042,0042,LOT 13 COMPRISING 3.64 HECTARES OF LAND AT RODDYMOOR FARM CROOK,Disposal,,24-Feb-12,27500
PL00042,0043,LOT 8 COMPRISING 2.25 HA OF LAND AT RODDYMOOR FARM CROOK,Disposal,,24-Feb-12,31000
HB07409,0007,LAND AT WEST CHILTON,Disposal,,01-Mar-12,0
HB11996,0011,ALLOTMENTS AND LAND AT WEST CHILTON FARM CHILTON,Disposal,,01-Mar-12,0
D401724,0003,"LAND AT MAZINE TERRACE, HASWELL",Disposal,,09-Mar-12,39250
D401724,0004,"LAND AT MAZINE TERRACE, HASWELL",Disposal,,09-Mar-12,41750
D401830,0001,"LAND AT MAZINE TERRACE, HASWELL",Disposal,,09-Mar-12,16750
D202756,0002,"13 WYLAM STREET, CRAGHEAD, STANLEY, DH9 6ER",Disposal,,13-Mar-12,0
D402301,0002,"LAND SOUTH OF HILLCREST PLACE, HESLEDEN",Disposal,,15-Mar-12,12250
D403539,0003,"LAND AT WOODMANS COTTAGE, WINGATE",Disposal,,15-Mar-12,10900
HB11853,0002,"LAND AT WEST CHILTON TERRACE, CHILTON",Disposal,,15-Mar-12,1
D301248,0006,PART OF THE LAND AT THE SANDS FREEMANS PLACE DURHAM,Disposal,,16-Mar-12,on condition of sales agreement-unknown
SS00206,0016,"FORMER AYCLIFFE YOUNG PEOPLE'S CENTRE, NEWTON AYCL",Disposal,,20-Mar-12,1000000
D300012,0039,LAND AT COLLEGE VIEW ESH WINNING DURHAM COUNTY DURHAM,Disposal,,23-Mar-12,52269
PL00220,0020,"LAND AT ELIZABETH COURT, HIGH PITTINGTON",Disposal,,23-Mar-12,0
D402677,0003,"51 WOODLANDS, SEAHAM",Disposal,,27-Mar-12,1966
D201570,0002,"FORMER PUBLIC TOILET BLOCK AT FRONT STREET, CASTLE",Disposal,,30-Mar-12,4000
D401834,0002,LAND AT HESLEDEN,Disposal,,30-Mar-12,35250
ED00246,0007,LAND COMPRISING THE SITE OF THE FORMER USHAW MOOR ,Disposal,,30-Mar-12,366235
HB09796,0004,"LAND SOUTH OF BOWES DEPOT, BARNARD CASTLE",Disposal,,02-Apr-12,8956
PL00042,0044,LOTS 9 & 10 RODDYMOOR FARM CROOK,Disposal,,10-Apr-12,122780
PL00183,0031,"1358 SQ M OF LAND AT HOWLETT YARD, PELTON",Disposal,,16-Apr-12,40000
D401228,0003,"BURNWAY DAY CENTRE, SEAHAM",Disposal,,27-Apr-12,75000
PL00175,0024,8.24 ACRES LAND AT BRANCEPETH COLLIERY RECLAMATION SITE WILLINGTON CROOK COUNTY DURHAM,Disposal,,03-May-12,60000
D202581,0001,"LAND AND BUILDINGS COMPRISING STEEL HAVEN, CONSTAN",Disposal,,04-May-12,152250
D403515,0003,"LAND SOUTH OF CROWS HOUSE, WHEATLEY HILL",Disposal,,09-May-12,1
D401397,0002,"6 DODDS CLOSE, WHEATLEY HILL",Disposal,,11-May-12,0
FB00034,0003,LAND AT WHEATLEY HILL,Disposal,,14-May-12,5200
HB09872,0005,"63.86 SQ M LAND OPPOSITE GILL STREET, CONSETT",Disposal,,15-May-12,0
PL00042,0046,LOT 6 RODDYMOOR FARM RODDYMOOR CROOK,Disposal,,23-May-12,57000
D201562,0002,LAND ADJACENT TO 15 ROSE COURT ESH WINNING DURHAM COUNTY DURHAM,Disposal,,25-May-12,500
D200324,0002,LAND ADJACENT TO 2 STATION COTTAGES SHOTLEY BRIDGE,Disposal,,21-Jun-12,11200
D304806,0005,"162.69 sqm of land adjacent to 10 Yorkshire Drive, Belmont Durham",Disposal,,21-Jun-12,7000
D700821,0009,LAND NORTH OF THE WILLOWS HEPWORTH LANE HUNWICK CROOK COUNTY DURHAM,Disposal,,21-Jun-12,12500
D401221,0003,"3 NEASHAM ROAD, SEAHAM",Disposal,,29-Jun-12,1698
D401221,0004,"16 NEASHAM ROAD, SEAHAM",Disposal,,17-Jul-12,1730
CC00025,0045,"1.68 ACRES OF LAND ADJACENT TO THE INN ON THE GREEN, WALDRIDGE FELL",Disposal,,20-Jul-12,47000
D401822,0002,"48 AMBLESIDE AVENUE, SEAHAM",Disposal,,23-Jul-12,1399.36
D201788,0002,"FORMER STANLEY REGISTRARS OFFICE, 7 THORNEYHOLME T",Disposal,,27-Jul-12,28000
ED01609,0012,FORMER FUTURE HORIZONS BUILDING ADJACENT TO AN,Disposal,,27-Jul-12,36000
D402881,0002,0.148 HECTARES OF LAND SITUATE AT SHOTTON COLLIERY,Disposal,,03-Aug-12,1800
D201078,0003,"0.597 HA AT LOWERY LANE, CRAGHEAD",Disposal,,13-Aug-12,10000
D201078,0002,0.377 HECTARES OR THEREABOUTS OF LAND AT LOWERY LA,Disposal,,13-Aug-12,6500
D200900,0002,"LAND AT 48 ALBION GARDENS, BURNOPFIELD",Disposal,,20-Aug-12,1
ED01477,0008,WOODHAM SCHOOL OF TECHNOLOGY NEWTON AYCLIFFE,Disposal,,01-Sep-12,0
D200319,0002,"LAND ADJACENT TO 12 KELLY CLOSE, BLACKHILL",Disposal,,12-Sep-12,1
D401153,0002,"BRUCE KIRKUP DAY CENTRE, 1 BRUCE KIRKUP ROAD, HORD",Disposal,,14-Sep-12,48050
D201815,0002,"LAND ADJACENT TO 9 HIGH FRIARSIDE, BURNOPFIELD",Disposal,,17-Sep-12,500
D200116,0002,"LAND AT DERWENT CRESCENT, HAMSTERLEY",Disposal,,28-Sep-12,0
PL00447,0039,0.0766 ACRES OF LAND AT BROCKWELL COURT LOW WILLINGTON INDUSTRIAL ESTATE WILLINGTON CROOK COUNTY DURHAM,Disposal,,28-Sep-12,2000
ED01242,0020,"DURHAM JOHNSTON SCHOOL REDHILLS LANE ANNEX, DURHAM",Disposal,,12-Oct-12,1634446
D201853,0002,"LAND ADJACENT TO HOLME LEA, CRAGHEAD LANE, CRAGHEA",Disposal,,18-Oct-12,5000
D402677,0011,76 NEASHAM ROAD SEAHAM,Disposal,,19-Oct-12,1697.85
D402677,0010,74 NEASHAM ROAD SEAHAM,Disposal,,19-Oct-12,1715.59
ED00017,0026,0.9143 ACRES LAND AT CROOK NURSERY & PRIMARY SCHOOL,Disposal,,25-Oct-12,118000
D401221,0007,"78 NEASHAM ROAD, SEAHAM",Disposal,,01-Nov-12,1711.51
D401221,0005,"20 NEASHAM ROAD, SEAHAM",Disposal,,08-Nov-12,1701.95
D401221,0006,"45 BURNHALL, SEAHAM",Disposal,,08-Nov-12,2559.14
RD00009,0009,LAND AT POTTERHOUSE LANE PITY ME,Disposal,,08-Nov-12,33110
D401841,0001,"LAND AT BEECH GROVE, HESLEDEN",Disposal,,12-Nov-12,26000
D400615,0002,"POPLAR HOUSE & 25/26 WELFARE CLOSE, EASINGTON COLL",Disposal,,15-Nov-12,72150
D400938,0002,"5 WHINFIELD AVENUE, SHOTTON COLLIERY",Disposal,,15-Nov-12,40000
D401846,0001,"4 CROSSFIELD CRESCENT, SHOTTON COLLIERY",Disposal,,15-Nov-12,40000
ED00527,0010,"FORMER BOURNMOOR COMMUNITY CENTRE, BOURNMOOR",Disposal,,21-Nov-12,490000
D401231,0002,AIRLIE HOUSE COAST ROAD HARTLEPOOL,Disposal,,26-Nov-12,48000
D403427,0002,"LAND SOUTH OF HARTLEPOOL STREET, THORNLEY",Disposal,,30-Nov-12,2000
PL00177,0064,LAND AT 7 RAILWAY TERRACE STANLEY CROOK COUNTY DURHAM,Disposal,,30-Nov-12,18750
PL00231,0039,GRAZING LAND SOUTH OF ESHWOOD STREET NEW BRANCEPETH DURHAM COUNTY DURHAM,Disposal,,04-Dec-12,25000
D700901,0003,"Land south of Jackson Street, Coundon Grange",Disposal,,05-Dec-12,25000
ED01545,0008,"EARLS ORCHARD OUTDOOR FIELD STUDY CENTRE, SLEEGILL",Disposal,,19-Dec-12,415000
D700338,0005,WEST AUCKLAND PADDOCK ROSSLYN HOUSE OAKLEY GREEN,Disposal,,21-Dec-12,8000
D503557,0005,"Land adjacent to Fire Station, Central Avenue, Newton Aycliffe",Disposal,,30-Dec-12,125000
D200080,0002,"LAND AT CUTLERS HALL ROAD, SHOTLEY BRIDGE",Disposal,,11-Jan-13,5000
D200331,0004,"0.73 HECTARES AT SHOTLEY GROVE, SHOTLEY BRIDGE",Disposal,,11-Jan-13,11000
D200331,0002,"LOT 20 AT SHOTLEY GROVE ROAD, SHOTLEY BRIDGE",Disposal,,11-Jan-13,20000
D200870,0002,"LAND AT ST. THOMAS' CHURCH, HARELAW",Disposal,,11-Jan-13,47000
D201814,0002,"LAND AT HARPERLEY LANE, HARPERLEY",Disposal,,11-Jan-13,38000
D201828,0002,"LAND AT LAMBTON GARDENS, BURNOPFIELD",Disposal,,11-Jan-13,22000
D400938,0003,"20 THORNHILL AVENUE, SHOTTON COLLIERY",Disposal,,11-Jan-13,30000
D401823,0005,12.28 HECTARES OF LAND FORMER GOLF RANGE WHEATLEY ,Disposal,,11-Jan-13,66000
D401840,0001,"LAND AT CROWS HOUSE, WHEATLEY HILL",Disposal,,11-Jan-13,8900
D401844,0002,"LAND TO THE NORTH OF PATTON STREET, WHEATLEY HILL",Disposal,,11-Jan-13,25000
D401844,0001,"LAND AT PATTON STREET, WHEATLEY HILL",Disposal,,11-Jan-13,12000
D401846,0002,"10 CROSSFIELD CRESCENT, SHOTTON COLLIERY",Disposal,,11-Jan-13,40000
HB04506,0003,"LOT 1 AT DADDRY SHIELD, PINFOLD MILL",Disposal,,11-Jan-13,31000
PL00218,0011,"LAND AT ADELAIDE BANK, ELDON LANE, BISHOP AUCKLAND",Disposal,,11-Jan-13,90000
PL00282,0026,0.70 HECTARES OF LAND EAST OF GRAND VIEW SHERBURN DURHAM COUNTY DURHAM,Disposal,,11-Jan-13,19000
SH00035,0026,LAND AT EAST HOUSE FARM CHILTON FERRYHILL,Disposal,,11-Jan-13,98000
PL00282,0027,2.61 HECTARES OF LAND EAST OF GRAND VIEW SHERBURN DURHAM COUNTY DURHAM,Disposal,,18-Jan-13,60000
PL00491,0052,LAND ADJACENT TO THE LIZARDS SEDGEFIELD STOCKTON-ON-TEES COUNTY DURHAM,Disposal,,23-Jan-13,14500
PL00491,0053,LAND ADJACENT TO THE LIZARDS SEDGEFIELD STOCKTON-ON-TEES COUNTY DURHAM,Disposal,,23-Jan-13,15500
D401823,0004,"LAND SITUATE AT FORMER GOLF RANGE, WHEATLEY HILL",Disposal,,31-Jan-13,62000
D400987,0002,"LAND AT DORMAND VILLAS, STATION TOWN, WINGATE",Disposal,,08-Feb-13,60000
PL00110,0060,"GRAZING LAND AT HIGH HANDENHOLD, DURHAM",Disposal,,11-Feb-13,15000
SS00075,0003,LYNWOOD HOUSE FORMER AGED PERSONS HOME,Disposal,,27-Feb-13,455011
D400029,0002,"LAND AT FRONT STREET, THORNLEY",Disposal,,01-Mar-13,80000
SS00151,0009,"FORMER GLENDALE HOUSE CARE HOME, BLACKHALL COLLIER",Disposal,,05-Mar-13,180000
D700701,0005,"23.55 SQ.M OF LAND ADJACENT 8 ARTHUR STREET, CROOK",Disposal,,19-Mar-13,1800
D700564,0004,"Land known as Dellside House, Low Willington",Disposal,,15-Apr-13,207239
D402677,0012,60 NEASHAM ROAD SEAHAM,Disposal,,16-Apr-13,2559.14
D201498,0002,"4.01 HECTARES AT KITSELL ROAD, LANCHESTER",Disposal,,17-May-13,52910
SS00242,0003,FORMER SOCIAL SERVICES OFFICE ,Disposal,,30-May-13,48010
SS00106,0008,"STANFIELD HOUSE, JOICEY SQUARE, STANLEY",Disposal,,06-Jun-13,135000
D800003,0002,LAND AT TRENT CRESCENT GREAT LUMLEY,Disposal,,11-Jun-13,10100
D202484,0003,BLACKHILL WOODLAND LAND AT FRONT STREET HOBSON BURNOPFIELD,Disposal,,18-Jun-13,63000
D201785,0065,"1.40 HECTARES AT BURNOPFIELD, CROOKGATE",Disposal,,20-Jun-13,25000
D700201,0013,"Transfer - Land adjoining 28 Bourne Way, Willington, Crook, County Durham",Disposal,,24-Jun-13,1
D700201,0012,"Transfer - Land adjacent 30 Bourne Way, Willington, County Durham",Disposal,,25-Jun-13,1
ED00775,0004,1.078 ACRES ADJOINING FINCHALE PRIMARY SCHOOL,Disposal,,12-Jul-13,506420
D402677,0013,"21 NEASHAM ROAD, SEAHAM",Disposal,,02-Aug-13,1870
D800005,0002,LAND AT BLACKHOUSE LANE EDMONDSLEY,Disposal,,08-Aug-13,19754
D800032,0002,LAND AT FLEECE TERRACE,Disposal,,28-Aug-13,30600
D401300,0002,"375 SQUARE METRES AT ST CUTHBERTS ROAD, THORNLEY",Disposal,,05-Sep-13,20750
D200065,0003,ALLENSFORD CARAVAN PARK,Disposal,,06-Sep-13,495000
ED00074,0007,"FORMER BOARD SCHOOL, FRONT STREET, STANLEY",Disposal,,09-Sep-13,107500
HB07168,0004,"LAND AT 8 SAWMILL COTTAGES, HILLTOP, DIPTON",Disposal,,01-Oct-13,3400
D401049,0002,"DEVELOPMENT AT FRONT STREET, SHOTTON",Disposal,,04-Oct-13,849477
D202534,0002,"LAND ADJACENT TO 28 ERRINGTON DRIVE, TANFIELD LEA",Disposal,,07-Oct-13,4400
ED00042,0005,"PHOENIX ARTS CENTRE, HARELAW, STANLEY",Disposal,,10-Oct-13,140000
D000788,0001,"LAND ADJOINING FAREWELL HALL FARM, DARLINGTON ROAD",Disposal,,16-Oct-13,25000
D402677,0014,"24 WOODLANDS, SEAHAM",Disposal,,18-Oct-13,2073.8
D403543,0002,"LAND AT GRANTS HOUSES, HORDEN",Disposal,,18-Oct-13,48000
PL00024,0013,LOT 14 6.69 HECTARES AUCKLAND PARK EAST COUNDON GRANGE,Disposal,,21-Oct-13,40000
D202692,0002,"FORMER BADAJOZ COTTAGES, SALTERS GATE, TOW LAW",Disposal,,25-Oct-13,3000
D402677,0016,"58 WOODLANDS, SEAHAM",Disposal,,25-Oct-13,2881
D200480,0002,"LAND AT PONT HEAD, LEADGATE (LOT 2)",Disposal,,28-Oct-13,27000
D200480,0003,"LAND AT PONT HEAD, LEADGATE (PLOT 3)",Disposal,,28-Oct-13,50000
D403449,0002,"14.9 HECTARES OF LAND AT DEAF HILL, TRIMDON",Disposal,,31-Oct-13,50000
D201228,0002,"LAND AT ST MARGARET'S DRIVE, TANFIELD",Disposal,,01-Nov-13,5000
D201632,0002,"0.609 HECTARES AT NEW KYO LANE, NEW KYO",Disposal,,01-Nov-13,5000
PL00024,0012,5.33 HECTARES AUCKLAND PARK WEST COUNDON GRANGE BISHOP AUCKLAND,Disposal,,01-Nov-13,38000
PL00322,0013,1.07 HECTARES LAND SITUATE AT NEW BRANCEPETH DURHAM COUNTY DURHAM,Disposal,,01-Nov-13,10000
D200877,0002,"0.834 HECTARES OF LAND, STATION FIELDS, STANLEY",Disposal,,04-Nov-13,10000
D700049,0128,"Disposal of 64A Proudfoot Drive, Bishop Auckland, County Durham",Disposal,,08-Nov-13,51250
FI00264,0004,"40 OLD ELVET, DURHAM",Disposal,,13-Nov-13,249950
D402090,0002,"69.79 SQ METRES OF LAND AT CHAPEL LANE, HAWELL",Disposal,,21-Nov-13,3500
D503623,0012,"3.82 HECTARES OF LAND AT COBBLERS FARM, MIDDRIDGE ROAD, NEWTON AYCLIFFE",Disposal,,29-Nov-13,5113589
D401822,0003,"12 MILL ROAD, SEAHAM",Disposal,,02-Dec-13,2071
D402677,0017,"LAND AT 43 WOODLANDS, SEAHAM",Disposal,,05-Dec-13,500
D402677,0018,"41 WOODLANDS, SEAHAM",Disposal,,12-Dec-13,1644.34
PL00076,0063,LAND TO THE SOUTH OF HEIGHINGTON LANE AYCLIFFE BUSINESS PARK NEWTON AYCLIFFE COUNTY DURHAM,Disposal,,18-Dec-13,1800000
D200092,0002,"0.03 HECTARES OF LAND AT PERCY GARDENS, DELVES LANE",Disposal,,19-Dec-13,12000
D200726,0073,THREE SITES AT STANLEY INC. 2.04 ACRES AT EASTFIELDS,Disposal,,29-Jan-14,120000
D201483,0003,"3.07 HECTARES AT THE CRESCENT, TANFIELD LEA",Disposal,,31-Jan-14,60000
D200840,0002,"LAND AT SHIELD ROW LANE, NEW KYO",Disposal,,06-Feb-14,730000
ED00072,0011,"PART CEDAR MEDICAL GROUP, BURNOPFIELD ",Disposal,,14-Feb-14,0
HB01691,0004,"WELLFIELD HIGHWAY DEPOT, CASTLE EDEN ",Disposal,,19-Feb-14,505000
D800170,0002,"CEDARWOOD COMMUNAL HALL, FENCEHOUSES",Disposal,,27-Feb-14,1
D801320,0002,"TWO FOOTPATHS AT LAWSON COURT, CHESTER LE STREET",Disposal,,28-Feb-14,5250
PL00322,0014,1.15 HECTARES OF LAND SITUATE AT NEW BRANCEPETH VILLAGE RECLAMATION SITE NEW BRANCEPETH DURHAM COUNTY DURHAM,Disposal,,12-Mar-14,11000
PL00175,0025,LAND ADJACENT TO 14 PARK VIEW OAKENSHAW CROOK COUNTY DURHAM,Disposal,,18-Mar-14,500
PL00229,0142,0.087 ACRES OF LAND ADJ. TO UNIT 4 LONGFIELD ROAD,Disposal,,19-Mar-14,5000
PL00387,0008,"MARKS QUARRY, RAINTON ADVENTURE COLLIERY & PIT SIT",Disposal,,01-Apr-14,3400
D202705,0002,"0.567HA OF LAND AT THE REAR OF DENECREST, MEDOMSLE",Disposal,,02-Apr-14,9800
D700109,0002,4.57 SQUARE METRES ADJACENT TO 8 SCHOOL CLOSE,Disposal,,02-Apr-14,1000
RD00021,0015,9.05 HECTARES OF LAND AT BROOMSDENE WASTE DISPOSAL,Disposal,,02-Apr-14,119000
ED01392,0004,1.5HA OF LAND AT MICKLE HILL BLACKHALL ROCKS,Disposal,,08-Apr-14,7500
D200961,0002,LAND ADJACENT TO THE TODNER DIPTON STANLEY COUNTY DURHAM,Disposal,,11-Apr-14,13500
D400760,0002,"SUNDERLAND RESOURCE CENTRE, SUNDERLAND ROAD, HORDE",Disposal,,11-Apr-14,45000
HB07269,0013,BOWES HIGHWAY DEPOT,Disposal,,24-Apr-14,162500
ED00603,0005,"BLACKHALL YOUTH CENTRE, EAST STREET, BLACKHALL COL",Disposal,,25-Apr-14,37000
D401804,0003,0.21 HECTARES OF LAND AT ,Disposal,,09-May-14,110000
D200900,0003,"LAND AT THE ALBION INN, BURNOPFIELD",Disposal,,13-May-14,2015
PL00387,0009,"MARKS QUARRY, RAINTON ADVENTURE COLLIERY & RESOLUT",Disposal,,20-May-14,3100
D201556,0002,"LAND AT 45 CONSETT ROAD, CASTLESIDE CONSETT COUNTY DURHAM",Disposal,,21-May-14,3500
D200116,0003,"LAND AT AXFORD TERRACE, HAMSTERLEY",Disposal,,27-May-14,25000
RD00038,0010,1.51 HECTARES AT CREEBECK DARLINGTON,Disposal,,02-Jun-14,20000
D000894,0001,"3 ADELAIDE ROW, SEAHAM",Disposal,,26-Jun-14,2500
D303485,0009,"Land to the West of Front Street, Quarrington hill",Disposal,,27-Jun-14,9500
D200397,0002,"LAND LYING TO THE NORTH EAST OF FOURTH STREET, LEA",Disposal,,01-Jul-14,202500
D402399,0004,"LAND AT THOMPSON STREET, HORDEN",Disposal,,03-Jul-14,9000
D400834,0002,"128.9 SQ M ADJACENT TO 19 AVON ROAD, PETERLEE",Disposal,,18-Jul-14,8500
D202388,0004,"LAND AT BERRY EDGE SOUTH, CONSETT",Disposal,,21-Jul-14,0
SH00057,0046,"Transfer of Land and Buildings at Bridge House Farm, Sedgefield, County Durham ",Disposal,,24-Jul-14,730000
PL00169,0004,LAND SOUTH OF ELVET FARM DARLINGTON ROAD DURHAM COUNTY DURHAM,Disposal,,08-Aug-14,1000
PL00076,0068,LAND AT GRINDON WAY AYCLIFFE BUSINESS PARK NEWTON AYCLIFFE COUNTY DURHAM,Disposal,,11-Aug-14,84000
D800183,0002,PELTON WOOD STREET COMMUNITY BUILDING,Disposal,,18-Aug-14,1
D800676,0002,EDMONDSLEY JUBILEE CLOSE COMMUNITY HALL,Disposal,,18-Aug-14,1
D801143,0002,CHESTER MOOR THE CRESCENT COMMUNAL ROOM,Disposal,,18-Aug-14,1
D801302,0018,CHESTER-LE-STREET SANDERS MEMORIAL HOME ,Disposal,,18-Aug-14,1
D801307,0002,CHESTER MOOR THE CRESCENT COMMUNAL ROOM,Disposal,,18-Aug-14,1
D801320,0003,CHESTER-LE-STREET HAMBLEDON HUT RECREATION ROOM,Disposal,,18-Aug-14,1
D201454,0003,"0.019 HECTARES APPROX. BUTSFIELD LANE, KNITSLEY",Disposal,,02-Sep-14,0
PL00502,0014,UNIT 5 STAINTON GROVE INDUSTRIAL ESTATE,Disposal,,30-Sep-14,23000
D600003,0005,"TEESDALE HOUSE, GALGATE, BARNARD CASTLE",Disposal,,03-Oct-14,650000
PL00502,0015,5.28 HA AT STAINTON GROVE INDUSTRIAL ESTATE,Disposal,,17-Oct-14,300000
SH00057,0047,"WETERTON HOUSE FARM, SEDGEFIELD COUNTY DURHAM",Disposal,,20-Oct-14,499500
D401843,0001,LAND ADJOINING 89 LINDISFARNE PETERLEE,Disposal,,30-Oct-14,5150
D402452,0005,"OPEN SPACE ADJACANT TO 55 WINDS LONNEN, MURTON",Disposal,,30-Oct-14,4000
D800732,0008,LAND ADJACENT TO UNIT 26 STELLA GILL INDUSTRIAL ESTATE PELTON FELL CHESTER LE STREET COUNTY DURHAM,Disposal,,31-Oct-14,8000
D401601,0002,LAND AT CAIN TERRACE/HENDERSON AVENUE,Disposal,,04-Nov-14,62200
ED00909,0007,FORMER EAST DURHAM EDUCATION CENTRE,Disposal,,07-Nov-14,739651
D401096,0002,"LAND AT 5 WEBB SQUARE, HORDEN",Disposal,,10-Nov-14,1
D000950,0001,LAND AT OSWALD TERRACE DALE STREET & DENEWOOD TERR,Disposal,,14-Nov-14,230000
D403063,0010,"LAND ADJ 31 QUIN SQUARE, SOUTH HETTON",Disposal,,14-Nov-14,5100
D403063,0011,"LAND ADJ 30 QUIN SQUARE, SOUTH HETTON",Disposal,,14-Nov-14,5100
D401846,0003,"LAND AT 46 LEE TERRACE, SHOTTON COLLIERY",Disposal,,17-Nov-14,5000
D401810,0002,"FORMER COUNCIL OFFICES, SEASIDE LANE",Disposal,,21-Nov-14,1389668.47
PL00263,0006,57.45 HA AT FORMER BRANDON PIT HOUSE COLLIERY...,Disposal,,08-Dec-14,260000
D200694,0002,WEST KYO HARPERLEY ROAD GRAZING,Disposal,,16-Dec-14,7000
D201454,0004,0.63 HECTARES AT DELVES LANE CONSETT,Disposal,,19-Dec-14,63500
SH00057,0049,SPRUCELY FARM SEDGEFIELD ESTATE LEADING TO WEST PARK GARTH SEDGEFIELD STOCKTON ON TEES COUNTY DURHAM,Disposal,,19-Dec-14,450000
D202707,0002,"0.032 ACRES ADJ TO 93 DURHAM ROAD, LEADGATE",Disposal,,12-Jan-15,0
D303557,0004,"Land at Sherburn, Durham",Disposal,,12-Jan-15,149539
CC00021,0017,"Firstly Binchester Hall and Binchester Hall Farm, Binchester, Bishop Auckland, County Durham DL14 8DJ",Disposal,,28-Jan-15,2000000
SS00035,0003,9 ROGERLEY TERRACE CATCHGATE DURHAM,Disposal,,30-Jan-15,40000
D402532,0004,"GARAGE LAND ADJACENT TO 3 LAUREL AVENUE, SEAHAM",Disposal,,05-Feb-15,4300
D202388,0005,"LAND AT BERRY EDGE SOUTH, CONSETT",Disposal,,09-Feb-15,0
D401822,0005,"46 AMBLESIDE AVENUE, SEAHAM",Disposal,,19-Feb-15,1864
D501527,0004,"143.7 sq m of land adjacent to Enfield Lodge, Central Parade, Shildon",Disposal,,24-Feb-15,9200
D300289,0032,1 ST. BRANDONS GROVE BRANDON DURHAM COUNTY DURHAM,Disposal,,26-Feb-15,3000
D600056,0002,4.36 SQ. M. REAR OF 22 LOW ETHERLEY,Disposal,,04-Mar-15,0
D401601,0004,"3-4 HENDERSON AVENUE, WHEATLEY HILL",Disposal,,18-Mar-15,20000
D201299,0002,"LAND ADJ 26 BRYANS LEAP, BURNOPFIELD",Disposal,,19-Mar-15,1400
HB01376,0009,LAND AT THE FORMER TURSDALE ROAD BOWBURN,Disposal,,20-Mar-15,520890
SS00098,0008,"THE OAKS, WHINFIELD DRIVE, NEWTON AYCLIFFE ",Disposal,,20-Mar-15,130000
D001067,0001,"HOUSING STOCK DURHAM CITY, EASINGTON AND WEAR VALLEY",Disposal,,13-Apr-15,"£114,400,000.00"
D304641,0011,VARIOUS PIECES OF LAND INC. LAND TO THE REAR OF SALVIN STREET CROXDALE DURHAM COUNTY DURHAM,Disposal,,13-Apr-15,1
D401787,0004,PETERLEE 29 YODEN WAY,Disposal,,13-Apr-15,0
D401785,0002,"2 MERIDIAN COURT, PETERLEE",Disposal,,16-Apr-15,0
ED01006,0008,"LAND AT 6 BOWBURN, DURHAM",Disposal,,27-Apr-15,200000
ED01006,0007,MINES AND MINERALS LYING BENEATH LAND AT 6 BOWBURN,Disposal,,27-Apr-15,0
SH00057,0206,"Land at Cowburn Farm, Fishburn, County Durham",Disposal,,30-Apr-15,348422
SH00057,0051,LAND AT COWBURN FARM BUTTERWICK ROAD FISHBURN  SEDGEFIELD STOCKTON ON TEES COUNTY DURHAM,Disposal,,30-Apr-15,1359345
D301576,0004,32 CLAYPATH DURHAM,Disposal,,13-May-15,96500
D403202,0002,STATION TOWN AND DISTRICT COMMUNITY CENTRE,Disposal,,15-May-15,25000
D403539,0004,"GRAZING LAND AT LOW GRANGE, LOW GRANGE FARM, WINGA",Disposal,,15-May-15,1
D401221,0008,"18 NEASHAM ROAD, SEAHAM",Disposal,,19-May-15,1895
D202702,0002,"ENTERPRISE HOUSE, TANFIELD LEA",Disposal,,20-May-15,185000
PL00447,0046,LAND ADJACENT TO UNIT 8 HARVEY COURT LOW WILLINGTON INDUSTRIAL ESTATE WILLINGTON CROOK COUNTY DURHAM ,Disposal,,03-Jun-15,42000
SH00057,0052,LAND AT ISLAND FARM SEDGEFIELD COUNTY DURHAM,Disposal,,10-Jun-15,1260000
PL00447,0047,434.87 SQ.M. OF LAND AT BROCKWELL COURT LOW WILLINGTON INDUSTRIAL ESTATE WILLINGTON CROOK COUNTY DURHAM ,Disposal,,12-Jun-15,5900
D401221,0009,84 NEASHAM ROAD SEAHAM,Disposal,,15-Jun-15,1969
D600059,0005,"LAND SITUATE AT QUARRY HEADS, TOFT HILL, BISHOP AU",Disposal,,03-Jul-15,3000
D800654,0002,GRANGE VILLA STONE ROW READING ROOMS,Disposal,,09-Jul-15,15000
ED00992,0005,SOUTH PELAW INFANT SCHOOL,Disposal,,10-Jul-15,0
D201935,0002,LAND PART OF EWEHURST ESTATE FLINT HILL DIPTON STANLEY COUNTY DURHAM,Disposal,,15-Jul-15,6135778
D700201,0011,"Transfer of land adjoining 30 Bourne Way, Willington, Crook, County Durham",Disposal,,27-Jul-15,4000
D300289,0035,FORMER BRANDON HOUSE BRIAR AVENUE BRANDON DURHAM COUNTY DURHAM,Disposal,,28-Jul-15,1
D401574,0002,SOUTH TERRACE EMPIRE SERVICE STATION,Disposal,,30-Jul-15,40000
D800342,0002,69.1 SQUARE METRES OF LAND ADJ TO 28 ROTHESAY ,Disposal,,30-Jul-15,5100
PL00477,0005,4.66 ACRES OF LAND AT BILLY ROW CROOK COUNTY DURHAM,Disposal,,30-Jul-15,15000
D301968,0003,"Land adj 53 Whinney Hill, Durham",Disposal,,12-Aug-15,22500
HB00180,0007,"97.92 SQ. METRES OF LAND AT PARK ROAD NORTH, CHEST",Disposal,,21-Aug-15,20000
D201454,0005,"LAND TO THE REAR OF KNITSLEY NOOK, DELVES LANE,",Disposal,,25-Aug-15,45000
D201267,0002,COMMUNAL ROOMS FIR TERRACE BURNOPFIELD NEWCASTLE UPON TYNE,Disposal,,22-Sep-15,33750
PL00148,0029,LAND AT NORTH BITCHBURN RECLAMATION SITE,Disposal,,29-Sep-15,104000
D800032,0003,x,Disposal,,02-Oct-15,2800
PL00282,0029,LAND AT RENNYS LANE SHERBURN DURHAM COUNTY DURHAM,Disposal,,05-Oct-15,0
D401822,0004,2 MILL ROAD SEAHAM,Disposal,,08-Oct-15,1699
D400050,0002,"0.029 ACRES APPROX, SOUTH SIDE OF FRONT STREET",Disposal,,12-Oct-15,9500
SS00124,0004,GRAMPIAN HOUSE RESIDENTIAL CARE HOME,Disposal,,15-Oct-15,155000
D000602,0004,LAND ADJACENT TO 1 FARFIELD MANOR SEDGEFIELD STOCKTON-ON-TEES COUNTY DURHAM,Disposal,,20-Oct-15,3500
D800894,0002,THE PIGGERIES GREAT LUMLEY CHESTER LE STREET COUNTY DURHAM,Disposal,,22-Oct-15,17800
D201469,0004,1075.72 SQ. M. AT MORRISON INDUSTRIAL ESTATE,Disposal,,28-Oct-15,12850
SH00049,0048,"5,7 & 28 MANOR HOUSE ESTATE",Disposal,,09-Nov-15,174000
D000505,0003,"GABLE WALL 5 NORMAN TERRACE, CHILTON",Disposal,,12-Nov-15,1
D001381,0004,LAND AT AGNEW 5 NEWTON AYCLIFFE,Disposal,,20-Nov-15,2560000
ED00695,0005,MURTON COMMUNITY CENTRE,Disposal,,20-Nov-15,44470
D202649,0002,LAND LYING TO THE REAR OF BUTSFIELD LANE,Disposal,,30-Nov-15,7621
D402677,0020,53 WOODLANDS ,Disposal,,04-Dec-15,3334
D201237,0004,"LAND ADJOINING CRAGHEAD MEDICAL CENTRE, CRAGHEAD",Disposal,,09-Dec-15,10000
D800801,0002,LAND AT THE FORMER DOG AND GUN PUBLIC HOUSE,Disposal,,15-Dec-15,35000
PL00313,0007,PLOTS 1 & 3 BARFORD CAMP BARNARD CASTLE,Disposal,,15-Dec-15,65000
D201118,0002,"DIPTON COMMUNAL ROOM,  FRONT STREET, DIPTON",Disposal,,21-Dec-15,30000
D202529,0007,"LAND AT CROOKHALL COTTAGES, CROOKHALL",Disposal,,21-Jan-16,2000
D600041,0002,0.169.91 SQ. M. (0.042 ACRES) OR THEREABOUTS OF LA,Disposal,,22-Jan-16,1900
LM00103,0011,SHILDON FORMER TRAILER LIBRARY SITE,Disposal,,26-Jan-16,0
D700157,0003,ELITE HALL MILITARY ROW CROOK,Disposal,,28-Jan-16,131000
SS00156,0011,CHEVELEY HOUSE FORMER RESIDENTIAL HOME,Disposal,,29-Jan-16,541950
ED00066,0005,WESTGATE SCHOOL,Disposal,,05-Feb-16,135000
PL00390,0024,LAND SOUTH WEST OF PARKHEAD GREENCROFT INDUSTRIAL PARK STANLEY COUNTY DURHAM,Disposal,,15-Feb-16,30000
D402658,0006,THE GREEN NORTH TERRACE WAR MEMORIAL & OPEN SPACE,Disposal,DIS00237,24-Feb-16,0
ED00404,0036,BELMONT C OF E (CONTROLLED) PRIMARY SCHOOL(2) ,Disposal,,10-Mar-16,0
ED01493,0003,SACRISTON PLAWSWORTH ROAD FORMER INFANT SCHOOL,Disposal,,17-Mar-16,52541
CC00011,0003,TOW LAW HIGH HOUSELOP PICNIC AREA,Disposal,,18-Mar-16,48000
PL00055,0015,SPENNYMOOR FRMR WHITWORTH PARK COLL RANSOM STRIP ,Disposal,,24-Mar-16,650000
CC00017,0006,TOW LAW COLLIER WOOD PICNIC AREA,Disposal,,05-Apr-16,40000
D800732,0015,LAND ADJACENT TO UNIT 26 STELLA GILL INDUSTRIAL ESTATE PELTON FELL CHESTER LE STREET COUNTY DURHAM,Disposal,,19-Apr-16,0
D200897,0002,"LAND ADJACENT TO DUNN STREET, ANNFIELD PLAIN STANLEY COUNTY DURHAM",Disposal,,21-Apr-16,5000
D201856,0033,FORMER HAMSTEELS PRIMARY SCHOOL ROWLEY CRESCENT ESH WINNING DURHAM COUNTY DURHAM,Disposal,,29-Apr-16,265905.86
PL00502,0018,UNIT 6 STAINTON GROVE INDUSTRIAL ESTATE,Disposal,,29-Apr-16,25000
PL00220,0022,"275.76 SQ.M LAND AT BUDDLE HOUSE, HIGH PITTINGTON ",Disposal,,04-May-16,1750
PL00227,0053,"LAND ADJACENT TO STATION HOUSE, ST HELEN AUCKLAND",Disposal,,13-May-16,10000
HB01691,0005,x,Disposal,,02-Jun-16,7000
D200118,0002,SITE OF FORMER COMMUNITY CENTRE ,Disposal,,06-Jun-16,16000
D402677,0021,"8 MILL ROAD, SEAHAM",Disposal,,16-Jun-16,1925
D202529,0009,CROOKHALL LAND ADJOINING FIRST STREET,Disposal,,20-Jun-16,15199
ED00202,0007,GREENLANDS COMMUNITY INFANT SCHOOL ,Disposal,,20-Jun-16,162500
LM00022,0008,SEAHAM LIBRARY SITE EASTDENE ROAD,Disposal,,20-Jun-16,47000
D000602,0006,LAND ADJ TO 4 MEADOW HILL SEDGEFIELD STOCKTON-ON-TEES COUNTY DURHAM,Disposal,,01-Jul-16,10500
D401221,0010,41 BURNHALL DRIVE (AKA 43B BURNHALL DRIVE) ,Disposal,,11-Jul-16,2916
D800960,0002,LAND ADJACENT TO 16 LICHFIELD CLOSE GREAT LUMLEY,Disposal,,13-Jul-16,2685
D800960,0003,"LAND AT 14 LICHFIELD CLOSE, GREAT LUMLEY",Disposal,,13-Jul-16,2600
ED01582,0005,NEWTON AYCLIFFE WELLHOUSE NURSERY SITE,Disposal,,14-Jul-16,45000
D200408,0002,LAND AT DUNELM CLOSE LEADGATE CONSETT COUNTY DURHAM,Disposal,,15-Jul-16,6000
PL00036,0038,LAND AT GREEN LANE INDUSTRIAL ESTATE PLOT 3 SPENNYMOOR,Disposal,,28-Jul-16,8000
ED01592,0004,OUSTON BUSTY JUNIOR SCHOOL SITE,Disposal,,03-Aug-16,733755
D400410,0002,EASINGTON 3-4 BEDE STREET,Disposal,,12-Aug-16,20000
ED00047,0007,MIDDLESTONE MOOR FORMER PRIMARY PLAYING FIELD,Disposal,,17-Aug-16,276628
ED00047,0006,MINES & MINERALS BENEATH MIDDLESTONE MOOR FORMER PRIMARY PLAYING FIELD,Disposal,,17-Aug-16,0
D801063,0002,WEST PELTON EDENFIELD OPEN SPACE (PART),Disposal,,18-Aug-16,4000
SS00063,0005,CHESTER-LE-STREET MENDIP HOUSE RESIDENTIAL HOME,Disposal,,22-Aug-16,140000
D402677,0022,SEAHAM 25 BURNHALL DRIVE,Disposal,,02-Sep-16,2373
D303485,0002,QUARRINGTON HILL W OF FRONT STREET STH OPEN SPACE/ALLOTMENTS,Disposal,,07-Sep-16,1750
D304276,0004,Various Sites in Coxhoe & Quarrington Hill,Disposal,,07-Sep-16,4970
D700692,0023,"446.26sq.m to the rear of Institute Street, Oakenshaw",Disposal,,23-Sep-16,10000
ED00374,0007,STANLEY CROOK PRIMARY SCHOOL PUMPING STATION,Disposal,,30-Sep-16,0
D302650,0006,"30M OR THEREABOUTS, WAR MEMORIAL, DURHAM VIEW, FRAMWELLGATE MOOR",Disposal,,03-Oct-16,1
ED01280,0012,x,Disposal,,03-Oct-16,115666
ED00187,0007,ELDON LANE SITE OF FORMER PRIMARY SCHOOL (PART),Disposal,,10-Oct-16,1000
D202022,0005,NEW KYO MORRISON BY-PASS WOODLAND ,Disposal,,20-Oct-16,1
D401221,0011,30 NEASHAM ROAD SEAHAM (FREEHOLD REVERSION),Disposal,,20-Oct-16,2296
D402154,0007,HASWELL TO HART WALKWAY LAND ,Disposal,,26-Oct-16,3200
SH00039,0010,BLUESTONE FARM LOWLANDS COCKFIELD BISHOP AUCKLAND COUNTY DURHAM,Disposal,,31-Oct-16,582000
SH00057,0053,"MILL HOUSE FARM, SEDGEFIELD ESTATE, FISHBURN  ",Disposal,,01-Nov-16,710000
D000914,0002,COXHOE OPEN SPACE CORONATION TERRACE,Disposal,,14-Nov-16,4000
ED01461,0008,SHOTTON COLLIERY COMMUNITY CENTRE,Disposal,,18-Nov-16,1
D800252,0021,x,Disposal,,22-Nov-16,33870.6
D801320,0004,"LAND AT RIDDELL COURT, CHESTER LE STREET ",Disposal,,30-Nov-16,0
D800100,0002,"LAND AT THE GREEN, NETTLESWORTH",Disposal,,05-Dec-16,5000
D800997,0003,OUSTON URPETH GRANGE OPEN SPACE 01,Disposal,,12-Dec-16,7900
D401463,0003,PETERLEE YODEN WAY OPEN SPACE,Disposal,,13-Dec-16,550000
HB02259,0003,"LAND ADJACENT TO MANOR HOUSE, BISHOP MIDDLEHAM ",Disposal,,21-Dec-16,7500
D800252,0002,"GARAGES AT 15, 23, 26, AND 27 GAIRLOCH DRIVE, PERKINSVILLE, CHESTER LE STREET. ",Disposal,,16-Jan-17,1
D400006,0002,SEAHAM ADJ 28 NORTH TERRACE OPEN SPACE,Disposal,,01-Feb-17,350000
HB03400,0003,"LAND AT RENNYS LANE, DURHAM",Disposal,,01-Feb-17,50000
D401800,0002,EASINGTON ROSEMARY LANE OPEN SPACE,Disposal,,02-Feb-17,4500
D201780,0002,TANFIELD LEA INDUSTRIAL ESTATE LAND,Disposal,DIS00215,06-Feb-17,33333
SH00057,0054,FISHBURN SYCAMORE ROAD GARDEN LAND,Disposal,,07-Feb-17,16445
D700036,0004,"Land adjacent to The Mason's Arms, Etherley Dene, Bishop Auckland",Disposal,,09-Feb-17,8600
D202752,0002,CRAGHEAD PROVIDENT TERRACE OPEN SPACE,Disposal,,15-Feb-17,7686
D503180,0002,SEDGEFIELD EAST PARADE OPEN SPACE,Disposal,,16-Feb-17,1
D502307,0003,"LAND AT COMPOUND 2, MERRINGTON LANE, SPENNYMOOR",Disposal,,23-Feb-17,8000
D201793,0002,CRAGHEAD OAK TERRACE OPEN SPACE,Disposal,,03-Mar-17,5522
PL00042,0047,LAND ADJACENT TO 19 TEMPERANCE TERRACE BILLY ROW CROOK,Disposal,,17-Mar-17,1
ED01070,0004,"CROOKHALL FORMER SCHOOL SITE, CONSETT",Disposal,,06-Apr-17,20000
D301985,0002,"FORMER ELVET SWIMMING BATHS, DURHAM CITY",Disposal,,11-Apr-17,1100000
ED00768,0014,FORMER ESH WINNING PRIMARY SCHOOL,Disposal,,12-Apr-17,250000
HB00202,0002,"LAND BEING THE FORMER PUBLIC CONVENIENCES ADJACENT TO 1 WEST TERRACE, AYCLIFFE VILLAGE",Disposal,,19-Apr-17,2000
ED01526,0007,DARLINGTON SPRINGFIELD FORMER COUNTY SCHOOL,Disposal,,20-Apr-17,1
D302335,0002,LAND FRONT STREET SHERBURN HILL DURHAM,Disposal,,26-Apr-17,0
D600089,0003,BARNARD CASTLE NORTH QUEEN ST POTENTIAL CAR PARK,Disposal,,09-May-17,125000
D401221,0012,SEAHAM 14 NEASHAM ROAD,Disposal,,17-May-17,850
D200694,0003,WEST KYO HARPERLEY ROAD ALLOTMENTS,Disposal,,19-May-17,11000
D402677,0023,"19 BURNHALL DRIVE, SEAHAM (FREEHOLD REVERSION)",Disposal,,23-May-17,1883
D800997,0005,OUSTON URPETH GRANGE OPEN SPACE 01 ,Disposal,,25-May-17,8684
HB05770,0002,SPENNYMOOR GREEN LANE OPEN SPACE/FORMER HIGHWAY,Disposal,,26-May-17,42500
PL00447,0049,375.63 SQ.M LAND AT BROCKWELL COURT LOW WILLINGTON INDUSTRIAL ESTATE WILLINGTON CROOK COUNTY DURHAM ,Disposal,,31-May-17,5100
D200077,0003,CONSETT PROMENADE/WEST MEDOMSLEY ROAD OPEN SPACE,Disposal,,06-Jun-17,250
D500443,0016,CHILTON INDUSTRIAL ESTATE COMPOUND 9,Disposal,,12-Jun-17,12700
D700134,0002,SPRINGFIELD ALLOTMENTS,Disposal,,12-Jun-17,0
D700204,0002,ROSEDALE AND VICTORIA ALLOTMENTS,Disposal,,12-Jun-17,0
D700580,0002,PARK TOP ALLOTMENTS  ,Disposal,,12-Jun-17,0
D700692,0002,OAKENSHAW ALLOTMENTS,Disposal,,12-Jun-17,0
SS00310,0002,9 DERWENT AVENUE WEST AUCKLAND ,Disposal,,12-Jun-17,102000
SS00190,0005,PETERLEE SITE OF FORMER SHINWELL CENTRE,Disposal,,13-Jun-17,320800
D202529,0010,CROOKHALL ADJOINING EAST STREET GRAZING,Disposal,,16-Jun-17,10500
D800335,0002,"LAND ADJACENT TO 25 CHARLAW CLOSE, SACRISTON",Disposal,,23-Jun-17,1652.21
LM00100,0003,FORMER CROOK MOBILE LIBRARY GARAGE,Disposal,,23-Jun-17,18150
SH00049,0055,"LAND AT FRONT STREET, HUTTON HENRY",Disposal,,28-Jun-17,750
D200257,0002,"LAND AT WOOD STREET, SHOTLEY BRIDGE",Disposal,,05-Jul-17,7000
D502624,0002,LAND ADJACENT TO 138 BROCKETT CLOSE NEWTON AYCLIFFE,Disposal,,07-Jul-17,0
D700062,0002,COUNDON GRANGE RANDOLPH STREET ALLOTMENTS,Disposal,,12-Jul-17,0
D700349,0002,"CLOSE HOUSE ALLOTMENTS, GURNEY VALLEY",Disposal,,12-Jul-17,0
D700799,0002,"CORONATION ALLOTMENTS, BISHOP AUCKLAND",Disposal,,12-Jul-17,0
D502635,0002,"LAND AT 44 JACKSON STREET, SPENNYMOOR",Disposal,DIS00291,17-Jul-17,3450
D800960,0004,"84.48M2 OR THEREABOUTS OF LAND ADJACENT 14 CANTERBURY CLOSE, GREAT LUMLEY",Disposal,,21-Jul-17,6900
ED00444,0008,"FORMER COMMUNITY CENTRE, JUBILEE STREET, TORONTO, BISHOP AUCKLAND",Disposal,,03-Aug-17,70000
D001318,0002,THE FORMER STANLEY BUS STATION AND LAND AT FRONT STREET STANLEY,Disposal,,04-Aug-17,1195700
D403539,0005,"LAND ADJACENT TO LOW GRANGE FARM, WINGATE",Disposal,,08-Aug-17,15000
D200073,0002,"LAND AT THE FORMER GARAGE SITE CHAYTOR ROAD, BRIDGEHILL, CONSETT",Disposal,,09-Aug-17,8550
D201734,0002,LAND ADJACENT TO 78 ACTON DENE STANLEY,Disposal,,17-Aug-17,1
D700256,0002,LAND ADJACENT TO 1 GOODS STATION COTTAGES,Disposal,,18-Aug-17,3850
D200858,0002,"LAND ADJACENT TO 15 LUMLEY GARDENS, BURNOPFIELD",Disposal,,29-Aug-17,5850
ED01244,0013,"FORMER DURHAM JOHNSTON SCHOOL, WHINNEY HILL, DURHAM",Disposal,,30-Aug-17,4115000
ED00183,0006,LANGLEY PARK (FORMER WOOD VIEW) COMMUNITY CENTRE,Disposal,,04-Sep-17,74000
ED00983,0003,"LAND AT FORMER OUSTON INFANT SCHOOL SITE CROMARTY, OUSTON CHESTER-LE STREET",Disposal,,26-Sep-17,455770.78
D200397,0007,"LAND AT WATLING WOODLAND, LEADGATE",Disposal,,28-Sep-17,31000
D600037,0004,MINI GOLF AND PLAY AREA SCAR TOP BARNARD CASTLE ,Disposal,,11-Oct-17,650
D202534,0003,TANFIELD THE BUNGALOWS BOVIS EST OPEN SPACE,Disposal,,13-Oct-17,11000
PL00215,0045,"LAND ADJACENT TO GREENLAND MEWS, PELTON FELL",Disposal,,19-Oct-17,10000
D001375,0006,"LAND AT THINFORD, SPENNYMOOR, COUNTY DURHAM",Disposal,,20-Oct-17,25000
D202388,0072,Land at Consett County Durham (Duchy Close estate),Disposal,,26-Oct-17,0
SS00144,0005,SPENNYMOOR SITE OF FORMER MOUNT PLEASANT GRANGE,Disposal,,27-Oct-17,185000
ED00685,0018,LAND AT NEW DRIVE PLAYING FIELD SEAHAM,Disposal,,02-Nov-17,16000
D201785,0066,ACCESS ROAD HOBSON INDUSTRIAL ESTATE,Disposal,,03-Nov-17,5000
D202673,0003,x,Disposal,,03-Nov-17,3000
HB07435,0003,WEST AUCKLAND TO BARNARD CASTLE FORMER RAILWAY; LAND AT 1 CROSSING COTTAGES MARWOOD BARNARD CASTLE,Disposal,,03-Nov-17,2400
ED00857,0011,PHASE 1 SEAHAM PARKWAY - SITE OF FORMER PARKSIDE INFANT SCHOOL,Disposal,,10-Nov-17,170540
SS00134,0003,"1 KENSINGTON, BISHOP AUCKLAND",Disposal,,10-Nov-17,110000
D501028,0002,"LAND ADJ 2 WEST COTTAGES, SCHOOL AYCLIFFE",Disposal,,13-Nov-17,1020
D301425,0003,"LAND AT 16 GORT PLACE, GILESGATE",Disposal,,21-Nov-17,1557
D001057,0002,LAND AT HILL HOUSE FARM COATHAM MUNDEVILLE DARLINGTON COUNTY DURHAM,Disposal,,24-Nov-17,0
D403539,0007,"LAND ADJACENT TO STRATFORD HOUSE, WINGATE",Disposal,,13-Dec-17,8000
PL00313,0008,STAINTON BARFORD CAMP RECLAMATION SITE (PLOT 2),Disposal,,15-Dec-17,60000
ED00098,0017,"LAND ADJACENT TO 4 CHURCH STREET, WINGATE",Disposal,,19-Dec-17,8000
PL00056,0037,"LAND AT WHITWORTH PARK COLLIERY RECLAMATION SITE, SPENNYMOOR  (PART OF  SPENNYMOOR TO BISHOP AUCKLAND AUCKLAND RAILWAY)",Disposal,,20-Dec-17,50000
LM00079,0004,"PETERLEE LIBRARY, BURNHOPE WAY, PETERLEE",Disposal,,05-Jan-18,846000
D500444,0017,"LAND ADJACENT TO TUDOR GARAGE, TUDHOE COLLIERY INDUSTRIAL ESTATE",Disposal,,16-Jan-18,5500
D700725,0002,COLLIER HOUSE COMMUNITY CENTRE,Disposal,,02-Feb-18,61000
ED01111,0026,THE CUBBY,Disposal,,02-Feb-18,270000
D303557,0002,"LAND AT KIRKFIELDS, SHERBURN HILL, DURHAM",Disposal,,13-Feb-18,0
D600066,0002,"LAND AT WEST VIEW, GAINFORD",Disposal,,16-Feb-18,2635
ED00746,0009,LAND AT ST CUTHBERTS DRIVE SACRISTON,Disposal,,07-Mar-18,90000
D201611,0002,D.V.R.L LAND AT PLUNKETT ROAD DIPTON DURHAM,Disposal,,09-Mar-18,54942
D801063,0005,"LAND AT SUMMERFIELD, WEST PELTON",Disposal,,16-Mar-18,2500
ED00867,0024,DVRL LAND AT MANOR WAY PETERLEE,Disposal,,16-Mar-18,50197
SS00212,0008,"ESSINGTON HOUSE, ESSINGTON WAY, PETERLEE",Disposal,,19-Mar-18,104250
D000601,0053,"LAND AT DENE TERRACE, CHILTON",Disposal,,22-Mar-18,1
D403202,0003,STATION TOWN LAND ADJ TO FORMER COMMUNITY CENTRE,Disposal,,22-Mar-18,5000
D800335,0003,SACRISTON LINGEY HOUSE OPEN SPACE,Disposal,,27-Mar-18,15750
PL00491,0143,LAND AND BARN AT LIZARDS FARM SEDGEFIELD STCOKTON-ON-TEES COUNTY DURHAM,Disposal,,29-Mar-18,25000
D600041,0004,"LAND AT MONTALBO ROAD (NORTH OF BOUCH WAY), BARNARD CASTLE",Disposal,,10-Apr-18,500
D201719,0012,LAND ADJOINING 48 HARELAW GARDENS HARELAW STANLEY COUNTY DURHAM,Disposal,,18-Apr-18,12600
D201734,0004,"LAND ADJACENT TO 63 ACTON DENE, EAST STANLEY, ",Disposal,,24-Apr-18,2700
D401536,0002,"EDENHILL COMMUNITY CENTRE, PETERLEE",Disposal,,02-May-18,115000
D200672,0003,"LAND ADJACENT 41 NEWBURN ROAD, SHIELD ROW",Disposal,,07-Jun-18,3200
ED00049,0011,"FORMER FIELD STUDIES CENTRE, MIDDLETON IN TEESDALE",Disposal,,21-Jun-18,271750
D304408,0002,"LAND ADJACENT 9, BRIDGE END, COXHOE",Disposal,,10-Jul-18,12500
SH00035,0027,LAND AT CHILTON EAST HOUSE FARM,Disposal,,18-Jul-18,38000
D801336,0002,"FORMER CIVIC CENTRE, CHESTER LE STREET",Disposal,,24-Jul-18,254951
ED01063,0014,LAND AT MIDDLETON IN TEESDALE PRIMARY SCHOOL,Disposal,,06-Aug-18,2000
D401221,0030,"5 Neasham Road, Seaham",Disposal,,09-Aug-18,3900
SS00079,0008,"RESIDENTIAL HOME, NEWTOWN HOUSE STANHOPE BISHOP AUCKLAND DL13 2PG ",Disposal,,10-Aug-18,230000
D200122,0007,"LAND ADJ 65 DUNELM ROAD, MOORSIDE, CONSETT",Disposal,,30-Aug-18,5972
PL00161,0090,"LAND AT WEST CORNFORTH, DURHAM ",Disposal,,03-Sep-18,1
D801063,0006,"LAND ADJACENT TO 3 EDENFIELD, WEST PELTON",Disposal,,05-Sep-18,1500
HB07360,0009,LAND ADJACENT TO 24 DURHAM CHARE BISHOP AUCKLAND ,Disposal,,10-Sep-18,5428
ED00857,0020,LAND AT HEATHWAY SEAHAM DURHAM (PHASE 2) ,Disposal,,12-Sep-18,174406
D500041,0003,"LAND AT HACKWORTH CLOSE, FERRYHILL, COUNTY DURHAM",Disposal,,17-Sep-18,5500
D401566,0002,LAND ADJACENT TO UNIT 20 BESSEMER ROAD SOUTH HETTON INDUSTRIAL ESTATE,Disposal,,24-Oct-18,5000
D200776,0003,"LAND ADJACENT 1 PIKESYDE, DIPTON",Disposal,,30-Oct-18,4350
D000889,0009,PROPERTIES IN QUEEN STREET CROOK,Disposal,,31-Oct-18,1210000
D401221,0013,"43 BURNHALL DRIVE, NORTHLEA, SEAHAM, CO DURHAM",Disposal,,09-Nov-18,5500
FI00078,0143,"LAND AT 19 HIGH CARR CLOSE, FRAMWELLGATE MOOR",Disposal,,14-Nov-18,5350
SS00011,0018,"FORMER SOCIAL SERVICES OFFICES CLAIRE HOUSE, BARNARD CASTLE",Disposal,,14-Nov-18,285000
D801329,0006,"LAND AT GIBSIDE, CHESTER LE STREET",Disposal,,22-Nov-18,1
D001677,0001,"57.13MÂ² OR THEREABOUTS OF LAND AT MILBURNGATE, FRAMWELLGATE, WATERSIDE, DURHAM",Disposal,,23-Nov-18,2500
D301442,0003,"LAND AT MILBURNGATE, FRAMWELLGATE, DURHAM",Disposal,,23-Nov-18,0
D201722,0029,"LAND ADJACENT 35 MOWLAM DRIVE, EAST STANLEY",Disposal,,28-Nov-18,5000
D301292,0002,247.109MÂ² LAND ADJACENT FORMER SUB-STATION DARLINGTON ROAD MERRYOAKS,Disposal,,13-Dec-18,20500
D503004,0002,"GARDEN PLOT REAR OF ROSS TERRACE, FERRYHILL",Disposal,,14-Dec-18,0
PL00523,0031,LAND ADJACENT 10 ASHFIELD NEWTON AYCLIFFE,Disposal,,14-Dec-18,0
D200814,0004,"LAND ADJACENT 7 ENGELS TERRACE, SOUTH STANLEY",Disposal,,17-Dec-18,2700
D304806,0004,"LAND ADJACENT TO 7 CORNWALL WALK, BELMONT",Disposal,,17-Dec-18,2300
D302644,0003,"100MÂ² OR THEREABOUTS OF LAND ADJACENT 1 ROSE COTTAGE, WEST RAINTON",Disposal,,19-Dec-18,8000
D200292,0004,2.376 ACRES OR THEREABOUTS OF LAND KNOWN AS THE FORMER CONSETT SWIMMING BATHS,Disposal,,10-Jan-19,447500
D200660,0002,"LAND ADJACENT 6 HILLTOP, EAST STANLEY STANLEY COUNTY DURHAM",Disposal,,22-Jan-19,6900
PL00401,0038,LAND AT WEBBER PAVILLION & UNIT A3 HALL DENE WAY SEAHAM GRANGE INDUSTRIAL ESTATE SEAHAM COUNTY DURHAM,Disposal,,23-Jan-19,10000
ED00561,0019,"LAND AT OAKERSIDE, PETERLEE",Disposal,,29-Jan-19,504533.74
D302704,0004,"179MÂ² OR THEREABOUTS OF LAND ADJACENT 34 THE CRESCENT, WEST RAINTON",Disposal,,28-Feb-19,10750
D302704,0005,"77MÂ² OR THEREABOUTS OF LAND ADJACENT ADVENTURE HOUSE, ADVENTURE LANE, WEST RAINTON ",Disposal,,28-Feb-19,5000
D401823,0006,"LAND ON THE EAST SIDE OF PATTON WALK, WHEATLEY HILL, DURHAM",Disposal,,06-Mar-19,3000
ED00047,0014,LAND ADJOINING PLOT 14 MIDDLESTONE MOOR DURHAM,Disposal,,07-Mar-19,0
D500768,0003,LAND AT MEADOWFIELD AVENUE SPENNYMOOR,Disposal,,08-Mar-19,1
D401822,0006,"44 AMBLESIDE AVENUE, SEAHAM SR7 0HU",Disposal,,21-Mar-19,4155
D200688,0003,"543.084 SQ. M. OR THEREABOUTS OF LAND AT HOBSON INDUSTRIAL ESTATE, BURNOPFIELD",Disposal,,16-Apr-19,9500
D402655,0002,"51 AMBLESIDE AVENUE, SEAHAM",Disposal,,18-Apr-19,3400
D401221,0014,"44 NEASHAM ROAD, NORTHLEA, SEAHAM ",Disposal,,25-Apr-19,4100
D800252,0004,"37MÂ² OR THEREABOUTS OF LAND ADJACENT 15 COURTNEY DRIVE, PERKINSVILLE ",Disposal,,30-Apr-19,3000
D700747,0003,"LAND AT 14 BLAGDEN GROVE, BISHOP AUCKLAND",Disposal,,20-May-19,7500
D800443,0007,"LAND ADJACENT 11 HILLMEADS, NETTLESWORTH",Disposal,,20-May-19,5900
D202529,0015,"LAND ADJOINING 6 SOUTH STREET, CROOKHALL, CONSETT",Disposal,,21-May-19,1
D303737,0003,"LAND ADJACENT 1 TYNESIDE COTTAGES, COXHOE",Disposal,,21-May-19,1900
D500443,0020,COMPOUND 4 CHILTON INDUSTRIAL ESTATE ,Disposal,,04-Jun-19,13300
ED00777,0009,"FORMER EDEN PRIMARY SCHOOL SITE, PETERLEE",Disposal,,07-Jun-19,420000
D502356,0005,"Land at Baff Street, Spennymoor",Disposal,,10-Jun-19,0
D700609,0005,1770.28MÂ² OR THEREABOUTS OF LAND AT TOW LAW INDUSTRIAL ESTATE,Disposal,,13-Jun-19,30000
D401383,0002,"LAND AT 10 ARMSTRONG AVENUE, WINGATE",Disposal,,17-Jun-19,1
D400427,0003,292MÂ² OR THEREABOUTS OF LAND ADJACENT 27 DALTON HEIGHTS SEAHAM COUNTY DURHAM,Disposal,,21-Jun-19,15825
D400944,0002,"65MÂ² OR THEREABOUTS OF LAND ADJACENT 1 DINTING CLOSE, PETERLEE",Disposal,,21-Jun-19,5510
D402466,0005,LAND ADJACENT TO 1 DINTING CLOSE PETERLEE COUNTY DURHAM,Disposal,,21-Jun-19,5510
D700049,0075,"LAND AT HOWARD CLOSE, BISHOP AUCKLAND",Disposal,,26-Jun-19,1
ED01191,0012,SHOTLEY BRIDGE VILLAGE HALL,Disposal,,27-Jun-19,74600
ED00696,0043,"0.39 ACRES OR THEREABOUTS OF LAND ADJACENT TO SEDGEFIELD CEMETERY, BUTTERWICK ROAD, SEDGEFIELD",Disposal,,06-Aug-19,2600
ED00696,0042,"0.686 ACRES OR THEREABOUTS OF LAND AT ALLOTMENTS, BUTTERWICK ROAD, SEDGEFIELD",Disposal,,06-Aug-19,0
D700746,0004,"LAND WEST OF HIGH STREET, TOW LAW",Disposal,,27-Aug-19,7500
D500791,0003,"LAND ATDJACENT 37 REDWORTH ROAD, SHILDON",Disposal,,28-Aug-19,6750
D500585,0049,"COMPOUND A, DEAN AND CHAPTER INDUSTRIAL ESTATE, FERRYHILL AMOUNTING TO 563.83MÂ² (0.139 ACRES) OR THEREABOUTS.",Disposal,,02-Sep-19,10500
HB12213,0008,"64MÂ² OR THEREABOUTS OF LAND ADJACENT 5 WITTON GROVE, FRAMWELLGATE MOOR, DURHAM",Disposal,,01-Oct-19,5440
HB12213,0007,"55MÂ² OR THEREABOUTS OF LAND ADJACENT 13 WITTON GROVE, FRAMWELLGATE MOOR, DURHAM",Disposal,,01-Oct-19,4700
D401812,0004,"LAND ADJACENT TO STATION HOUSE, THORNLEY",Disposal,,07-Oct-19,700
D800960,0006,"LAND ADJACENT TO 12 GLOUCESTER CLOSE, GREAT LUMLEY",Disposal,,15-Oct-19,7100
D700338,0003,"LAND ADJACENT TO 33 EAST GREEN, WEST AUCKLAND",Disposal,,23-Oct-19,3840
PL00036,0051,"4.36 ACRES OR THEREABOUTS OF LAND ADJACENT TO THE ACORNS PHASE 1, SPENNYMOOR",Disposal,,25-Oct-19,157410
HB12213,0009,"LAND ADJACENT 11 WITTON GROVE, FRAMWELLGATE MOOR",Disposal,,08-Nov-19,5100
D200324,0005,"0.11 ACRES LAND ADJACENT TO DERWENT WALK COTTAGE, SUMMERHILL",Disposal,,12-Nov-19,16000
D201147,0005,"201SQM LAND ADJACENT 5 SAND STREET, EAST STANLEY",Disposal,,15-Nov-19,21000
SS00114,0013,SPENNYMOOR DAY CENTRE,Disposal,,27-Nov-19,121000
D202233,0005,"LAND AT PRETORIA CLUB, MEDOMSLEY EDGE",Disposal,,02-Dec-19,20500
D401221,0016,"59 NEASHAM ROAD, SEAHAM, ",Disposal,,18-Dec-19,5000
ED00242,0013,FORMER ANNFIELD PLAIN COMMUNIY CENTRE,Disposal,,18-Dec-19,1
SH00057,0087,LAND AT BISHOP MIDDLEHAM EAST HOUSE FARM,Disposal,,19-Dec-19,883270.25
D501150,0007,LAND ADJACENT TO 6 FARFIELD MANOR,Disposal,,20-Dec-19,6000
ED00777,0011,"LAND ON THE NORTH SIDE OF ROBSON AVENUE, PETERLEE SR8 5DN",Disposal,,23-Dec-19,180000
D400038,0004,"LAND ADJACENT STATION HOUSE, THORNLEY",Disposal,,30-Jan-20,700
HB12213,0010,"LAND ADJACENT 1 WITTON GROVE, FRAMWELLGATE MOOR, DURHAM",Disposal,,18-Feb-20,11000
PL00447,0066,2008MÂ² OR THEREABOUTS  LAND ADJACENT LOW WILLINGTON IND ESTATE,Disposal,,24-Feb-20,30000
D400337,0003,"BLACKHALL PIT WHEEL SITE, BLACKHALL AMOUNTING TO 72.12MÂ² OR THEREABOUTS",Disposal,,27-Feb-20,1
D502908,0010,COMPOUND 1 CHILTON INDUSTRIAL ESTATE,Disposal,,23-Mar-20,12500
D202534,0008,"LAND ADJACENT 16 LARKSPUR CLOSE, TANFIELD LEA",Disposal,,22-Apr-20,1000
D302731,0006,"LAND ADJ TO ANDEMALI, FRONT STREET, SOUTH QUARRINGTON HILL",Disposal,,01-May-20,2880
D202753,0006,"86MÂ² LAND ADJACENT 22 GRASSHOLME CLOSE,CONSETT",Disposal,,20-May-20,5170
D201759,0041,"25 BOURNE COURT, EAST STANLEY",Disposal,,21-May-20,8100
ED01057,0018,IRESHOPEBURN WEARDALE HOUSE FIELD CENTRE,Disposal,,01-Jun-20,175000
D304045,0006,BOWBURN LAND ADJACENT 18 OAKFIELD CRESCENT,Disposal,,26-Jun-20,3300
D001057,0010,"LAND AT FORREST PARK, NEWTON AYCLIFFE, DURHAM",Disposal,,07-Jul-20,0
D800450,0005,"LAND AT 24 ARUNDAL WALK, PERKINSVILLE, CHESTER LE STREET",Disposal,,14-Jul-20,1000
D401804,0005,"0.754 HECTARES (1.8 ACRES) OR THEREABOUTS OF LAND AT FORMER NUMBERED STREETS, WHEATLEY HILL",Disposal,,16-Jul-20,80000
SS00183,0013,"SALE OF 16 HAUGHTON GREEN, DARLINGTON",Disposal,,23-Jul-20,101500
D301698,0006,TRANSFER OF NORTH END ALLOTMENTS TO DURHAM CITY PARISH COUNCIL,Disposal,,11-Aug-20,0
ED01469,0020,"1.745 ACRES OR THEREABOUTS OF LAND AT ST GODRICS RCVA/HAWTHORN HOUSE, NEWTON HALL",Disposal,,20-Aug-20,225000
ED00816,0028,GILESGATE FORMER DURHAM FREE SCHOOL,Disposal,,27-Aug-20,1323904.8
LM00091,0010,"FORMER STANLEY LIBRARY, STANLEY",Disposal,,14-Sep-20,70000
D800997,0007,"87.96MÂ² OR THEREABOUTS OF LAND ADJACENT 25 ABBOTSIDE CLOSE, OUSTON",Disposal,,18-Sep-20,7500
D302089,0002,"SALE OF 66SQ.MT OF LAND TO THE REAR OF 89-90 CLAYPATH, DURHAM",Disposal,,23-Sep-20,7295
D401825,0004,"SALE OF LAND ADJACENT 19 BERWICK CHASE, PETERLEE",Disposal,,23-Sep-20,13835
ED00145,0042,BISHOP AUCKLAND LAUREL BUILDING,Disposal,,25-Sep-20,150000
D200961,0015,"LAND ADJ REAR OF MADDISON HOUSE, DIPTON",Disposal,,13-Oct-20,4800
D403088,0006,STATION TOWN LAND ADJ FORMER COMMUNITY CENTRE,Disposal,,16-Oct-20,9500
D200065,0010,LAND AT ALLENSFORD PLAY PARK,Disposal,,22-Oct-20,145000
D500443,0027,LAND AT COMPOUND 11 CHILTON INDUSTRIAL ESTATE,Disposal,,26-Oct-20,12500
D500163,0002,"LAND AT THE COURTS, SHILDON",Disposal,,28-Oct-20,9500
ED00793,0007,USHAW MOOR ST JOSEPHS RCVA PRIMARY SCHOOL,Disposal,,28-Oct-20,0
ED01469,0022,DURHAM ST GODRICS RVCA PRIMARY SCHOOL,Disposal,,28-Oct-20,0
D700586,0004,LAND ADJACENT 7 NORTH BITCHBURN TERRACE,Disposal,,11-Nov-20,11450
LM00093,0008,LAND TO THE REAR OF 44 HIGH STREET TOW LAW BISHOP AUCKLAND COUNTY DURHAM,Disposal,,12-Nov-20,6500
ED01040,0007,"Land at St. Cuthbert's RC Voluntary Aided Primary School, Ropery Lane, Chester le Street, DH3 3PH ",Disposal,,25-Nov-20,0
D301878,0002,LAND TO THE REAR OF 89 TO 90 CLAYPATH ,Disposal,,26-Nov-20,7295
D304045,0005,"LAND AT 19 OAKFIELD CRESCENT, BOWBURN",Disposal,,04-Dec-20,4600
D501820,0002,"LAND ADJACENT 17 ROBSON STREET, SHILDON",Disposal,,06-Jan-21,1100
PL00465,0098,"LAND AT BRACKEN HILL BUSINESS PARK, PETERLEE",Disposal,,19-Jan-21,35000
D500887,0021,"COMPOUND 1 FURNACE INDUSTRIAL ESTATE, ",Disposal,DIS00810,01-Feb-21,8400
SH00054,0060,"SALE OF LAND ADJACENT CHAPEL COTTAGE, PELTON",Disposal,,09-Feb-21,2500
D401221,0018,"FREEHOLD REVERSION 23 NEASHAM ROAD, SEAHAM",Disposal,LENF00003,19-Feb-21,4850
D304244,0005,"LAND AT 45 COPPICE HILL, ESH WINNING",Disposal,,26-Feb-21,1800
D402677,0030,"Freehold Reversion 69 NEASHAM ROAD, SEAHAM",Disposal,LENF00001,26-Feb-21,5050
PL00121,0033,"LAND ADJACENT WOODFIELD LODGE, LANGLEY MOOR",Disposal,,08-Mar-21,30000
D700049,0111,56 58 60 AND 62 LUSBY CRESCENT BISHOP AUCKLAND ,Disposal,,04-May-21,0
ED01174,0003,LAND AT DURHAM ST CUTHBERTS RVCA PRIMARY SCHOOL,Disposal,,12-May-21,0
D502192,0002,"GARAGE SITE ON THE SOUTH WEST SIDE OF DURHAM STREET, MIDDLESTONE MOOR, SPENNYMOOR",Disposal,,18-May-21,0
D800434,0006,SACRISTON DURHAM ROAD OPEN SPACE,Disposal,,26-May-21,4500
ED00484,0006,LAND AT ST JOSEPH'S RC VOLUNTARY AIDED PRIMARY SCHOOL,Disposal,,27-May-21,0
D201758,0032,EAST STANLEY LAND ADJACENT 2 HILL TOP,Disposal,,02-Jun-21,7230
D500768,0006,SPENNYMOOR LAND AT GREEN LANE INDUSTRIAL ESTATE / LAND AT DURHAM GATE,Disposal,,21-Jul-21,40000
PL00229,0207,LAND ADJACENT TO UNIT 8 SOUTH CHURCH ENTERPRISE PARK   ,Disposal,,28-Jul-21,7000
D700801,0005,"LAND ADJACENT 5 COLLIER CLOSE, CROOK",Disposal,,02-Aug-21,2635
D700801,0004,"GARDEN LAND ADJ 2 COLLIER CLOSE, CROOK ",Disposal,,11-Aug-21,11500
D201856,0038,LAND ADJACENT TO 32 BURNSIDE ESH WINNING,Disposal,,25-Aug-21,6240
D400987,0006,LAND ADJACENT TO THE BUNGALOW TOWNSEND COURT STATION TOWN WINGATE,Disposal,,03-Sep-21,18500
D501050,0025,0.89 ACRES OR THEREABOUTS OF LAND AT FISHBURN INDUSTRIAL ESTATE,Disposal,,03-Sep-21,28399
SS00092,0014,FERYEMOUNT RESIDENTIAL CARE HOME,Disposal,,09-Sep-21,225000
AL00003,0002,"WOODMANS COTTAGE ALLOTMENTS SOUTH OF WOODMANS COTAGE, WINGATE",Disposal,,20-Sep-21,0
D402660,0002,Freehold Reversion 46 STAVORDALE TREET WEST SEAHAM COUNTY DURHAM,Disposal,LENF00005,08-Oct-21,1950
D503155,0003,TRANSFER OF LAND TO THE EAST OF 6 ST BEDE AVENUE FISHBURN,Disposal,RDIS01046,14-Oct-21,0
ED00529,0010,BROOMS OUR LADY & ST JOSEPHS RCVA PLAYING FIELD,Disposal,,21-Oct-21,0
ED01471,0005,SOUTH MOOR ST MARYS RCVA PLAYING FIELD,Disposal,,28-Oct-21,0
D301206,0008,"NORTH ROAD TOILETS, DURHAM CITY",Disposal,,05-Nov-21,66000
D801303,0003,"LAND ADJACENT 5 BATTLE GREEN, PELTON",Disposal,,05-Nov-21,500
D200397,0018,"LAND AT WATLING WOOD, LEADGATE",Disposal,,18-Nov-21,5850
D300203,0005,"Holly Park, Ushaw Moor",Disposal,,23-Nov-21,33000
D402677,0032,"LAND ADJACENT TO 20 WOODLANDS, SEAHAM",Disposal,DIS01003,07-Jan-22,1000
D700824,0005,"DECLARE SURPLUS AND SALE OF LAND ADJACENT TO 57 LINBURN DRIVE, BISHOP AUCKLAND",Disposal,,07-Jan-22,2600
D801302,0042,"77.8 sqm of land at Bullion Lane, Chester le Street",Disposal,,09-Jan-22,4000
D700738,0008,"CROFT STREET DEPOT 15 CROFT STREET, CROOK",Disposal,,12-Jan-22,89000
ED00145,0047,"LAND AT THE LAUREL BUILDING, SOUTH CHURCH ROAD, BISHOP AUCKLAND, DL14 7JU",Disposal,,02-Feb-22,0
D300220,0014,Land at The Oaks Esh Winning,Disposal,,18-Feb-22,100000
D400925,0003,"34.48M LAND ADJACENT TO 1 COTSWOLD PLACE, PETERLEE",Disposal,GDIS01022,18-Feb-22,3500
D200397,0022,"LAND AT WATLING WOOD, LEADGATE, CONSETT DH9 0EX",Disposal,,04-Mar-22,2200
D202534,0011,"LAND ADJACENT THIMBLE COTTAGE, TANFIELD LEA",Disposal,,07-Mar-22,1540
D300026,0074,"LAND AT HOLBORN CLOSE, ESH WINNING",Disposal,,08-Mar-22,8300
D402466,0008,"34.48M LAND ADJACENT 1 COTSWOLD PLACE, PETERLEE",Disposal,,10-Mar-22,3500
PL00125,0133,"LAND WEST OF ALICIA HOUSE, CAUSEY WAY, KIP HILL, STANLEY",Disposal,,10-Mar-22,1
PL00125,0134,"LAND WEST OF LYNDHURST HOUSE, CAUSEY WAY, KIP HILL, STANLEY",Disposal,,10-Mar-22,1
D800350,0004,"LAND ADJACENT 25 NEWTOWN VILLAS, SACRISTON",Disposal,,11-Mar-22,12200
D700796,0004,"LAND ADJACENT 1 WEAR TERRACE, BISHOP AUCKLAND",Disposal,,14-Mar-22,3150
D501050,0026,0.754 ACRES OR THEREABOUTS OF LAND AT FISHBURN INDUSTRIAL ESTATE,Disposal,,16-Mar-22,32549
D300178,0023,"SURPLUS DECLARATION AND DISPOSAL OF LAND ADJACENT TO 31 RIDDING ROAD, ESH WINNING",Disposal,,17-Mar-22,1
D700840,0003,"LAND ADJACENT TO 50 HAMBLETON ROAD, COUNDON",Disposal,,28-Mar-22,3120
ED00567,0012,LAND AT FORMER HARELAW SCHOOL SITE,Disposal,,31-Mar-22,380000
SS00101,0010,THE FORGE (PREVIOUSLY KNOWN AS HAWTHORN HOUSE) PITY ME,Disposal,PDIS00418,31-Mar-22,161658
ED00567,0014,"LAND AT LOW COPELAND FARM, AYCLIFFE",Disposal,,01-Apr-22,10000
D304131,0008,"LAND AT RUTTER STREET, LANGLEY MOOR",Disposal,,05-Apr-22,26000
ED00061,0007,LANCHESTER ALL SAINTS RVCA PLAYING FIELD,Disposal,,26-Apr-22,0
ED00470,0013,LAND AT ST CUTHBERTS RC PRIMARY SCHOOL,Disposal,,26-Apr-22,1
ED00604,0005,PLAYING FIELD LAND ST MARYÂ¿S RC PRIMARY NEWTON AYCLIFFE ,Disposal,,26-Apr-22,0
D801328,0014,LAND SOUTH OF 84 PELAW CRESCENT SOUTH PELAW,Disposal,,28-Apr-22,2225
D201258,0006,"LAND AT AGNES STREET, STANLEY",Disposal,,29-Apr-22,100000
RD00043,0019,"884.6 SQM OF LAND ADJACENT UNIT 3 WESTLINE INDUSTRIAL ESTATE, OUSTON, CHESTER LE STREET",Disposal,,04-May-22,15000
D400783,0006,LAND ADJACENT TO HORDEN MEDICAL CENTRE,Disposal,,06-May-22,5000
D300233,0004,17 Blair Court Langley Moor,Disposal,,10-May-22,98000
PL00042,0062,"LAND TO THE WEST OF TEMPERANCE TERRACE, CROOK",Disposal,,10-May-22,10000
D200392,0003,"00.01 SQM LAND ADJACENT TO 53 NORTH MAGDALENE, MEDOMSLEY",Disposal,,13-May-22,6500
D500887,0044,"Compounds 3 & 4 Furnace Industrial Estate, Shildon",Disposal,,13-May-22,28000
ED00017,0035,CROOK CROFT STREET OFFICES AND ADDITIONAL LAND (RECCOMMENDATION OF OFFERS AND ACCEPTANCE OF DISPOSAL TERMS),Disposal,,10-Jun-22,100000
PL00465,0099,"2.54 ACRES OF LAND AT BRACKEN HILL BUSINESS PARK, PETERLEE, SURRENDER OF EXISTING GROUND LEASE AND DISPOSAL",Disposal,,15-Jun-22,35000
D800997,0012,"LAND ADJACENT 27 BRADLEY CLOSE, OUSTON",Disposal,,16-Jun-22,2800
D202022,0031,"LAND AT 82 OAKWELL COURT, HAMSTERLEY COLLIERY",Disposal,,30-Jun-22,8715
D202022,0032,"LAND AT 83 OAKWELL COURT, HAMSTERLEY COLLIERY",Disposal,,30-Jun-22,7000
D202022,0030,"LAND AT 81 OAKWELL COURT, HAMSTERLEY COLLIERY",Disposal,,30-Jun-22,7945
D200319,0006,"LAND ADJACENT 25 FELLTOP, BLACKHILL",Disposal,GDIS01060,06-Jul-22,2300
D501134,0049,"LAND ADJACENT 26 HAIG STREET, FERRYHILL",Disposal,,06-Jul-22,900
D403539,0016,"LAND ADJACENT TO STRATFORD HOUSE, WINGATE",Disposal,,13-Jul-22,4000
D401702,0005,"LAND AT FRONT STREET, HASWELL PLOUGH",Disposal,,21-Jul-22,17500
HB07168,0005,"LAND AT SAWMILL COTTAGE OPEN SPACE, DIPTON",Disposal,GDIS01053,25-Jul-22,300
D201513,0035,"LAND AT DENESIDE, LANCHESTER",Disposal,,27-Jul-22,5000
D801306,0007,"SURPLUS DECLARATION AND DISPOSAL OF LAND ADJACENT TO 77 PELAW CRESCENT, CHESTER LE STREET",Disposal,,09-Aug-22,4445
SS00226,0010,"AUCKLAND GATE CENTRE, TINDALE CRESCENT, BISHOP AUCKLAND DL14 9SY",Disposal,,11-Aug-22,80000
SS00226,0014,"MINES & MINERALS, AUCKLAND GATE CENTRE, DERE AVENUE, BISHOP AUCKLAND DL14 9SY",Disposal,,11-Aug-22,8000
D402659,0002,"Freehold Reversion 45 STAVORDALE STREET WEST, SEAHAM",Disposal,LENF00010,12-Aug-22,1950
D400797,0003,"LAND AT 17 HELFORD ROAD, PETERLEE",Disposal,,01-Sep-22,1
D402661,0002,"Freehold Reversion AT 47 STAVORDALE ROAD WEST, SEAHAM",Disposal,LENF00009,08-Sep-22,1950
D401335,0005,"LAND ADJACENT 99 COTSFORD PARK ESTATE, HORDEN",Disposal,RDIS01124,16-Sep-22,1
ED01102,0012,PLOT 3 TRINITY MEWS WITTON GILBERT ,Disposal,,14-Oct-22,190000
D200289,0012,"LAND ADJACENT 3 RUSSELL CLOSE, CONSETT",Disposal,,20-Oct-22,3500
LG00008,0012,HEADQUARTERS BUILDING AT THE SANDS DURHAM ,Disposal,,31-Oct-22,70000000
D800264,0005,"LAND ADJACENT 2 ALWYN CLOSE, BOURNMOOR",Disposal,,03-Nov-22,1600
D800252,0022,"LAND ADJACENT 29 COURTNEY DRIVE, PERKINSVILLE, DH2 1JB",Disposal,,08-Nov-22,5000
D200660,0003,"LAND ADJACENT TO 24 BROWNING CLOSE, STANLEY, DH9 6UE",Disposal,,09-Nov-22,1
D202022,0037,"LAND AT 80 OAKWELL DRIVE, HAMSTERLEY COLLIERY",Disposal,GDIS00652,11-Nov-22,5565
D202022,0036,"LAND AT 79 OAKWELL COURT, HAMSTERLEY COLLIERY",Disposal,,11-Nov-22,5775
ED01102,0017,"DISPOSAL OF PLOT 9, TRINITY MEWS, DURHAM, DH1 5GG",Disposal,,16-Nov-22,230000
D600065,0006,"LAND ADJACENT 23 ACADEMY GARDENS, GAINFORD, COUNTY DURHAM, DL2 3EN",Disposal,,24-Nov-22,2250
PL00465,0106,"APOLLO HOUSE AND SURROUNDING LAND, BIRCHWOOD DRIVE, BRACKENHILL BUSINESS PARK, PETERLEE",Disposal,,02-Dec-22,17000
ED01102,0013,835.8 M2 OF LAND PLOT 6 TRINITY MEWS WITTON GILBERT DURHAM COUNTY DURHAM,Disposal,,15-Dec-22,220100
ED01102,0016,"DISPOSAL OF PLOT 5, TRINITY MEWS, DURHAM, DH1 5GG",Disposal,,19-Dec-22,250000
PL00502,0051,FORMER COMMUNITY CENTRE UNIT 9 STAINTON GROVE,Disposal,,04-Jan-23,111850
D300134,0001,LANGLEY MOOR BLACK ROAD OPEN SPACE,Disposal,,11-Jan-23,500
D401335,0004,"LAND ADJACENT TO 81 COTSFORD PARK ESTATE, HORDEN, PETERLEE, COUNTY DURHAM, SR8 4TA",Disposal,RDIS01115,27-Jan-23,1
D700154,0009,"LAND ADJACENT 34 ASH DRIVE, WILLINGTON, CROOK, COUNTY DURHAM",Disposal,RDIS01080,03-Feb-23,1
ED00017,0037,"LAND ADJACENT 1 NEW ROAD, CROOK, COUNTY DURHAM, DL15 8QE",Disposal,GDIS01098,24-Feb-23,23750
ED01102,0018,"Disposal of Trinity Mews, Plot 9",Disposal,PDIS01135,03-Mar-23,220000
ED01102,0019,Trinity Mews Plot 8,Disposal,PDIS01134,06-Mar-23,180000
D800350,0005,Land at 27 Newton Villas Sacriston,Disposal,GDIS01150,08-Mar-23,660
D303796,0015,"FORMER CHANGING ROOM FACILITIES BELMONT RECREATION GROUND, SUNDERLAND ROAD, GILESGATE",Disposal,RDIS00987,13-Mar-23,1
D401638,0005,"Land at Sea View Walk, Murton, Seaham",Disposal,RDIS00957,20-Mar-23,65000
D700065,0014,"STANHOPE TOWN HALL, FRONT STREET, STANHOPE, COUNTY DURHAM, DL13 2NQ",Disposal,,28-Mar-23,120000
ED01425,0006,"Easington C of E Primary School, Easington Village, ",Disposal,,28-Mar-23,0
PL00175,0050,"Land to the rear of 18 Park View, Oakenshaw",Disposal,GDIS01149,31-Mar-23,1
PL00175,0054,"Land at the rear of 17 Park View, Oakenshaw",Disposal,,11-Apr-23,1
PL00175,0055,"Land at the rear of 23 Park View, Oakenshaw",Disposal,GDIS01149,11-Apr-23,1
BW00008,0005,Harelaw Site of Former Harelaw Building Depot,Disposal,RDIS00695,20-Apr-23,111250
PL00325,0008,"LAND AT BROOM LANE, BROOMPARK, COUNTY DURHAM",Disposal,,20-Apr-23,3000
PL00175,0053,"Land at the rear of 15 Park View, Oakenshaw",Disposal,GDIS01149,02-May-23,1
PL00175,0051,"Land at the rear of 6 Park View, Oakenshaw",Disposal,GDIS01149,02-May-23,1
D700297,0005,"Land adj The Travelleres Rest, Crook",Disposal,RDIS00954,09-May-23,20000
PL00175,0052,"Land at the rear of 13 Park View, Oakenshaw",Disposal,GDIS01149,11-May-23,1
SS00101,0011,Disposal of Land adjacent 14 Potterhouse Terrace Pity Me,Disposal,GDIS00981,30-Jun-23,7800
PL00175,0056,"Land at the rear of 20 Park View, Oakenshaw",Disposal,GDIS01149,20-Jul-23,1
D801216,0045,"Land adjacent 15 Plunkett Terrace, Pelton Fell, Chester le Stree",Disposal,GDIS01146,31-Jul-23,3500
D302650,0004,"LAND AT CENOTAPH, FRAMWELLGATE MOOR",Disposal,RDIS00794,17-Aug-23,1
D201298,0005,"Disposal - Land south east of 16 Garden Terrace, The Middles, Craghead, Stanley, County Durham, DH9 6DH",Disposal,RDIS00906,22-Aug-23,3500
LG00046,0009,"Land to the West of Tyne Road East, Stanley",Disposal,PDIS00082,25-Aug-23,900000
D302537,0011,"Land adjacent 3 Front Street, Sherburn",Disposal,,07-Sep-23,2500
PL00229,0211,"Land at Henson Close, South Church Enterprise Park, Bishop Auckland",Disposal,PDIS00699,08-Sep-23,84500
PL00175,0057,"Land at the Rear of 16 Park View, Oakenshaw",Disposal,GDIS01149,25-Sep-23,1
D201760,0010,"Land adjacent 39 Garesfield Gardens, Burnopfield, County Durham, NE16 6LD",Disposal,GDIS00995,27-Sep-23,1500
D402152,0019,"Land at South Hetton North of Front Street Open Space at Windsor Drive, South Hetton, County Durham ",Disposal,RDIS8037,03-Oct-23,55000
D201448,0020,"LAND ADJACENT TO 16A CONISCLIFFE ROAD, OXHILL, STANLEY, COUNTY DURHAM",Disposal,RDIS01091,10-Oct-23,15000
ED01102,0020,"Disposal of Plot 2, Trinity Mews, Witton Gilbert, County Durham, DH1 5GG",Disposal,PDIS00945,18-Oct-23,240000
D801127,0004,"Land to the rear of Red Lion, Chester le Street",Disposal,RDIS00934,24-Oct-23,42500
SH00057,0207,"Land at Sedgefield, County Durham",Disposal,,27-Oct-23,287000
PL00229,0212,"Disposal of Land at Hutton Close Business Park, South Church Industrial Estate, Bishop Auckland, County Durham, DL14 6XG",Disposal,RDIS01149,30-Oct-23,11500
D400010,0009,"Land at George Street, Seaham",Disposal,RDIS00965,08-Dec-23,1200
D200119,0014,"Surplus Declaration and Disposal of Land Adjacent 12 Denesyde, Medomsley, Consett, County Durham",Disposal,GDIS01118,15-Dec-23,10500
D202388,0031,"Project Genesis, Consett",Disposal,RDIS01165,15-Dec-23,0
ED00843,0035,"Former Roseberry College and Sixth Form Centre, Newfield, Pelton, Chester le Street",Disposal,PDIS00136,20-Dec-23,240000
ED01102,0015,"DISPOSAL OF PLOT 7 TRINITY MEWS, DURHAM, DH1 5GG",Disposal,PDIS01133,20-Dec-23,220000
D001057,0015,"Land at Forrest Park, Newton Aycliffe",Disposal,RDIS01153,21-Dec-23,1
PL00511,0001,"3 Leazes Lane, Wolsingham, Bishop Auckland, ",Disposal,PDIS00317,21-Dec-23,340000
D201502,0016,"SURPLUS DECLARATION AND DISPOSAL OF LAND ADJACENT 22 GARDEN AVENUE, LANGLEY PARK, COUNTY DURHAM",Disposal,GDIS01008,10-Jan-24,4150
D800335,0008,"4 Coniston Drive, Sacriston",Disposal,RDIS9040,19-Jan-24,1
D300134,0003,"Land Adjacent 15 Black Road, Langley Moor,",Disposal,GDIS01145,01-Mar-24,13195
D400023,0004,"LAND EAST OF BIFOLD HOUSE COLD HESLEDON INDUSTRIAL ESTATE, SEAHAM",Disposal,RDIS00962,28-Mar-24,15000
D503555,0008,"Land adjacent 2 Lightfoot Road, Newton Aycliffe",Disposal,RDIS8228,02-May-24,1
SH00054,0066,"Land at 1 Battle Green, Pelton Fell",Disposal,GDIS01038 GDIS01070,02-May-24,11250
D801329,0025,"Land Adjacent 18 Wynyard, Chester le Stree",Disposal,GDIS8390,09-May-24,2500
D400193,0002,"Land to the east of Dalton House, Elliot Street, Thornley",Disposal,RDIS01154,06-Jun-24,25000
D500807,0010,"Land at 22 Birchmere, Spennymoor",Disposal,GDIS8072,06-Jun-24,1800
D800970,0005,"Land adjacent 15 Middleham Close, Urpeth Grange, Ouston DH2 1TA",Disposal,GDIS00680,14-Jun-24,2500
LG00020,0010,GREAT LUMLEY COMMUNITY CENTRE,Disposal,PRM00795,18-Jul-24,1
OP00014,0003,"Land at Burdon Crescent, Wingate, County Durham",Disposal,RDIS8802,07-Aug-24,10000
D401221,0026,"Freehold Reversion 54 Neasham Road, Seaham Sale of Freehold Reversion",Disposal,LENF00004,28-Aug-24,5050
PL00447,0082,"LAND AT LOW WILLINGTON INDUSTRIAL ESTATE, WILLINGTON, CROOK, COUNTY DURHAM",Disposal,RDIS01148,29-Aug-24,50000
D401221,0028,"Freehold Reversion 26 Neasham Road, Seaham, County Durham",Disposal,LENF00013,02-Oct-24,5680
D700427,0015,"Land adjacent 45 High Street, Willington, County Durham",Disposal,RDIS01096,04-Oct-24,55000
D300743,0005,"Land at 117 High Street, Langley Moor, County Durham",Disposal,RDIS00928,14-Oct-24,50000
D402440,0005,"Adopted Highway at Bevan Square, Murton, Seaham, County Durham",Disposal,RDIS9609,04-Nov-24,5200
D201858,0006,"Land at Pretoria Working Mens Club, Medomsley",Disposal,RDIS10153,07-Nov-24,1
D202660,0007,"Disposal of Leadgate Bradley Bungalows Allotment, Consett",Disposal,PDIS01109,02-Dec-24,7000
D200122,0038,"97 Dorset Crescent, Moorside, Consett",Disposal,RDIS9503,06-Dec-24,1
SH00040,0028,"Part Holding 1 Frankland Park Farm, Durham",Disposal,PDIS00850,06-Jan-25,350000
D800060,0009,"Ouston Community Centre, Iris Crescent, Ouston, Chester le Street",Disposal,RDIS01113,15-Jan-25,1
D202676,0014,"LAND ADJACENT FREICK'S BUILDINGS, DIPTON, STANLEY, COUNTY DURHAM ",Disposal,RDIS00951,27-Jan-25,17000
D401221,0029,"Freehold Reversion 52 Neasham Road, Seaham",Disposal,LENF00014,10-Feb-25,5300
D201454,0028,"Land adjacent 76 Sunningdale, Delves Lane, Consett, County Durham",Disposal,GDIS9019,13-Feb-25,6000
PL00390,0036,"Land at the north side of Tower Road, Annfield Plain, ",Disposal,RDIS10590,14-Feb-25,15000
ED01102,0023,"Plot 1 Trinity Mews, Durham",Disposal,PDIS00397,28-Feb-25,240000
SS00310,0003,"Hillandale, Bowes, Barnard Castle, County Durham DL12 9LG",Disposal,,28-Mar-25,126000
ED01102,0024,"Plot 4 Trinity Mews, Durham",Disposal,PDIS01130,31-Mar-25,192500
CC00025,0090,"Land at Waldridge Fell Country Park, Waldridge Chester le Street",Disposal,RDIS8900,15-May-25,1
D400859,0004,"Argus Butterfly Public House Ground Lease, Peterlee, County Durham",Disposal,RDIS01105,15-May-25,63750
D500807,0013,"Land adjacent 2 Windermere, Spennymoor, County Durham",Disposal,GDIS9299,16-Jun-25,1350
ED01113,0008,"Land at Sugar Hill Primary School, Newton Aycliffe, County Durham",Disposal,RDIS10708,16-Jun-25,1
D800942,0008,"Land adjacent 2 Thropton Close, Chester le Street",Disposal,GDIS9212,03-Jul-25,650
D001057,0019,"Phase One, Freehold Mines and Minerals Forrest Park Development, Newton Aycliffe, County Durham",Disposal,RDIS11198,04-Jul-25,0
ED00256,0009,"Bowburn Infant & Nursery School, Bowburn",Disposal,PDIS00623,04-Jul-25,750000
ED00283,0010,"Former Bluebell Meadow Infant School, Trimdon Grange, County Durham",Disposal,PDIS00878,04-Jul-25,625000
D303963,0010,"Land adjacent the Kingslodge Inn, Durham",Disposal,RDIS9916,22-Jul-25,5000
PL00465,0112,"Land to the North and West of Apollo House, Brackenhill Business Park, Peterlee",Disposal,RDIS00884,25-Jul-25,250000
D304806,0007,"Land adjacent to 3 Yorkshire Drive, Belmont",Disposal,GDIS10846,14-Aug-25,2650
D401221,0031,"Freehold Reversion 45 Neasham Road, Seaham, County Durham",Disposal,LENF10571,10-Sep-25,5418
D402158,0002,"Land adj 1 Glencot Grove, Hawthorn, Seaham, County Durham",Disposal,DV11445,06-Nov-25,1
D501182,0004,"Land adjacent 21 Russell Court, Newton Aycliffe",Disposal,GDIS01068,19-Nov-25,1000
SH00054,0073,"Land to the rear of 1 Battle Green, Pelton Fell, Chester le Street",Disposal,GDIS01038,02-Dec-25,2000
ED00820,0005,"Our Lady Star of the Sea RCVA Primary School, Horden, Peterlee, County Durham",Disposal,ACAD11470,12-Dec-25,0
PL00215,0078,"Land adjacent 1 Greenland Mews, Pelton Fell, Chester le Street, County Durham",Disposal,GDIS11492,18-Dec-25,3500
